,data_hora,temperatura,umidade,precipitacao,cidade,precipitacao_24h,precipitacao_48h,temperatura_media_24h,umidade_max_24h,hora_dia,dia_semana,chovendo,risco
0,2026-05-23 00:00:00,14.4,97,0.0,Sao_Paulo,0.0,0.0,14.4,97.0,0,5,0,Baixo
1,2026-05-23 01:00:00,14.6,97,0.0,Sao_Paulo,0.0,0.0,14.5,97.0,1,5,0,Baixo
2,2026-05-23 02:00:00,14.8,97,0.0,Sao_Paulo,0.0,0.0,14.6,97.0,2,5,0,Baixo
3,2026-05-23 03:00:00,14.7,97,0.0,Sao_Paulo,0.0,0.0,14.625,97.0,3,5,0,Baixo
4,2026-05-23 04:00:00,14.5,98,0.0,Sao_Paulo,0.0,0.0,14.6,98.0,4,5,0,Baixo
5,2026-05-23 05:00:00,14.5,98,0.0,Sao_Paulo,0.0,0.0,14.583333333333334,98.0,5,5,0,Baixo
6,2026-05-23 06:00:00,14.6,97,0.0,Sao_Paulo,0.0,0.0,14.585714285714285,98.0,6,5,0,Baixo
7,2026-05-23 07:00:00,14.6,97,0.0,Sao_Paulo,0.0,0.0,14.5875,98.0,7,5,0,Baixo
8,2026-05-23 08:00:00,15.2,95,0.4,Sao_Paulo,0.4,0.4,14.655555555555557,98.0,8,5,1,Baixo
9,2026-05-23 09:00:00,15.4,96,0.5,Sao_Paulo,0.9,0.9,14.73,98.0,9,5,1,Baixo
10,2026-05-23 10:00:00,15.6,96,7.0,Sao_Paulo,7.9,7.9,14.80909090909091,98.0,10,5,1,Baixo
11,2026-05-23 11:00:00,18.5,78,0.1,Sao_Paulo,8.0,8.0,15.116666666666667,98.0,11,5,1,Baixo
12,2026-05-23 12:00:00,19.8,75,0.0,Sao_Paulo,8.0,8.0,15.476923076923075,98.0,12,5,0,Baixo
13,2026-05-23 13:00:00,20.4,74,0.0,Sao_Paulo,8.0,8.0,15.828571428571427,98.0,13,5,0,Baixo
14,2026-05-23 14:00:00,21.0,72,0.2,Sao_Paulo,8.200000000000001,8.200000000000001,16.173333333333332,98.0,14,5,1,Baixo
15,2026-05-23 15:00:00,19.8,79,0.5,Sao_Paulo,8.700000000000001,8.700000000000001,16.4,98.0,15,5,1,Baixo
16,2026-05-23 16:00:00,19.0,87,2.1,Sao_Paulo,10.8,10.8,16.552941176470586,98.0,16,5,1,Baixo
17,2026-05-23 17:00:00,18.5,91,0.8,Sao_Paulo,11.600000000000001,11.600000000000001,16.66111111111111,98.0,17,5,1,Baixo
18,2026-05-23 18:00:00,17.0,97,3.3,Sao_Paulo,14.9,14.9,16.678947368421053,98.0,18,5,1,Baixo
19,2026-05-23 19:00:00,16.6,98,0.9,Sao_Paulo,15.8,15.8,16.675,98.0,19,5,1,Baixo
20,2026-05-23 20:00:00,16.0,98,1.5,Sao_Paulo,17.3,17.3,16.642857142857142,98.0,20,5,1,Baixo
21,2026-05-23 21:00:00,16.5,98,4.2,Sao_Paulo,21.5,21.5,16.636363636363637,98.0,21,5,1,Médio
22,2026-05-23 22:00:00,16.1,98,1.5,Sao_Paulo,23.0,23.0,16.61304347826087,98.0,22,5,1,Médio
23,2026-05-23 23:00:00,15.8,98,3.9,Sao_Paulo,26.9,26.9,16.579166666666666,98.0,23,5,1,Médio
24,2026-05-24 00:00:00,15.9,98,0.6,Sao_Paulo,27.5,27.5,16.64166666666667,98.0,0,6,1,Médio
25,2026-05-24 01:00:00,15.6,98,0.5,Sao_Paulo,28.0,28.0,16.683333333333334,98.0,1,6,1,Médio
26,2026-05-24 02:00:00,15.2,100,0.1,Sao_Paulo,28.1,28.1,16.7,100.0,2,6,1,Médio
27,2026-05-24 03:00:00,15.6,99,0.7,Sao_Paulo,28.8,28.8,16.7375,100.0,3,6,1,Médio
28,2026-05-24 04:00:00,15.5,100,0.1,Sao_Paulo,28.9,28.9,16.779166666666665,100.0,4,6,1,Médio
29,2026-05-24 05:00:00,15.2,100,0.0,Sao_Paulo,28.9,28.9,16.808333333333334,100.0,5,6,0,Médio
30,2026-05-24 06:00:00,15.5,98,0.1,Sao_Paulo,29.0,29.0,16.84583333333333,100.0,6,6,1,Médio
31,2026-05-24 07:00:00,15.9,98,0.2,Sao_Paulo,29.2,29.2,16.900000000000002,100.0,7,6,1,Médio
32,2026-05-24 08:00:00,16.8,96,0.1,Sao_Paulo,28.900000000000002,29.3,16.96666666666667,100.0,8,6,1,Médio
33,2026-05-24 09:00:00,18.0,93,0.2,Sao_Paulo,28.6,29.5,17.075,100.0,9,6,1,Médio
34,2026-05-24 10:00:00,20.5,82,0.0,Sao_Paulo,21.6,29.5,17.27916666666667,100.0,10,6,0,Médio
35,2026-05-24 11:00:00,22.1,75,0.1,Sao_Paulo,21.6,29.6,17.429166666666667,100.0,11,6,1,Médio
36,2026-05-24 12:00:00,23.1,69,0.1,Sao_Paulo,21.7,29.7,17.566666666666666,100.0,12,6,1,Médio
37,2026-05-24 13:00:00,23.8,65,0.1,Sao_Paulo,21.8,29.8,17.708333333333332,100.0,13,6,1,Médio
38,2026-05-24 14:00:00,19.1,86,1.9,Sao_Paulo,23.5,31.7,17.629166666666666,100.0,14,6,1,Médio
39,2026-05-24 15:00:00,19.5,86,0.7,Sao_Paulo,23.7,32.4,17.616666666666667,100.0,15,6,1,Médio
40,2026-05-24 16:00:00,20.1,80,0.0,Sao_Paulo,21.599999999999998,32.4,17.6625,100.0,16,6,0,Médio
41,2026-05-24 17:00:00,19.8,85,0.5,Sao_Paulo,21.299999999999997,32.9,17.71666666666667,100.0,17,6,1,Médio
42,2026-05-24 18:00:00,19.0,91,0.9,Sao_Paulo,18.900000000000002,33.8,17.8,100.0,18,6,1,Baixo
43,2026-05-24 19:00:00,18.4,94,0.0,Sao_Paulo,18.0,33.8,17.875,100.0,19,6,0,Baixo
44,2026-05-24 20:00:00,18.0,96,0.0,Sao_Paulo,16.5,33.8,17.958333333333332,100.0,20,6,0,Baixo
45,2026-05-24 21:00:00,16.8,97,0.3,Sao_Paulo,12.6,34.1,17.970833333333335,100.0,21,6,1,Baixo
46,2026-05-24 22:00:00,17.3,97,3.7,Sao_Paulo,14.8,37.8,18.020833333333332,100.0,22,6,1,Baixo
47,2026-05-24 23:00:00,16.9,96,0.0,Sao_Paulo,10.899999999999999,37.8,18.066666666666666,100.0,23,6,0,Baixo
48,2026-05-25 00:00:00,15.9,97,0.0,Sao_Paulo,10.3,37.8,18.066666666666666,100.0,0,0,0,Baixo
49,2026-05-25 01:00:00,15.1,97,0.0,Sao_Paulo,9.8,37.8,18.045833333333334,100.0,1,0,0,Baixo
50,2026-05-25 02:00:00,14.8,97,0.2,Sao_Paulo,9.9,38.0,18.029166666666665,100.0,2,0,1,Baixo
51,2026-05-25 03:00:00,15.1,96,0.1,Sao_Paulo,9.299999999999999,38.1,18.008333333333336,100.0,3,0,1,Baixo
52,2026-05-25 04:00:00,15.1,96,0.0,Sao_Paulo,9.2,38.1,17.991666666666667,100.0,4,0,0,Baixo
53,2026-05-25 05:00:00,15.1,95,0.0,Sao_Paulo,9.2,38.1,17.9875,98.0,5,0,0,Baixo
54,2026-05-25 06:00:00,14.9,95,0.0,Sao_Paulo,9.1,38.1,17.962500000000002,98.0,6,0,0,Baixo
55,2026-05-25 07:00:00,14.9,95,0.0,Sao_Paulo,8.9,38.1,17.920833333333334,97.0,7,0,0,Baixo
56,2026-05-25 08:00:00,15.4,92,0.0,Sao_Paulo,8.799999999999999,37.7,17.8625,97.0,8,0,0,Baixo
57,2026-05-25 09:00:00,16.7,89,0.0,Sao_Paulo,8.6,37.2,17.808333333333334,97.0,9,0,0,Baixo
58,2026-05-25 10:00:00,18.2,82,0.0,Sao_Paulo,8.6,30.200000000000003,17.7125,97.0,10,0,0,Baixo
59,2026-05-25 11:00:00,19.6,77,0.0,Sao_Paulo,8.5,30.1,17.608333333333334,97.0,11,0,0,Baixo
60,2026-05-25 12:00:00,21.1,71,0.0,Sao_Paulo,8.4,30.1,17.525000000000002,97.0,12,0,0,Baixo
61,2026-05-25 13:00:00,22.5,66,0.0,Sao_Paulo,8.299999999999999,30.1,17.470833333333335,97.0,13,0,0,Baixo
62,2026-05-25 14:00:00,22.6,67,0.0,Sao_Paulo,6.4,29.900000000000002,17.616666666666667,97.0,14,0,0,Baixo
63,2026-05-25 15:00:00,22.5,67,0.2,Sao_Paulo,5.9,29.6,17.741666666666667,97.0,15,0,1,Baixo
64,2026-05-25 16:00:00,22.1,70,0.5,Sao_Paulo,6.4,28.0,17.825,97.0,16,0,1,Baixo
65,2026-05-25 17:00:00,20.6,77,0.0,Sao_Paulo,5.9,27.2,17.85833333333333,97.0,17,0,0,Baixo
66,2026-05-25 18:00:00,18.1,90,0.0,Sao_Paulo,5.0,23.9,17.820833333333333,97.0,18,0,0,Baixo
67,2026-05-25 19:00:00,16.9,96,0.0,Sao_Paulo,5.0,23.0,17.758333333333333,97.0,19,0,0,Baixo
68,2026-05-25 20:00:00,16.5,97,0.0,Sao_Paulo,5.0,21.5,17.695833333333333,97.0,20,0,0,Baixo
69,2026-05-25 21:00:00,16.8,95,0.0,Sao_Paulo,4.7,17.3,17.695833333333333,97.0,21,0,0,Baixo
70,2026-05-25 22:00:00,16.9,94,0.0,Sao_Paulo,1.0,15.8,17.679166666666667,97.0,22,0,0,Baixo
71,2026-05-25 23:00:00,16.6,95,0.0,Sao_Paulo,1.0,11.899999999999999,17.666666666666668,97.0,23,0,0,Baixo
72,2026-05-26 00:00:00,16.5,97,0.0,Sao_Paulo,1.0,11.3,17.691666666666666,97.0,0,1,0,Baixo
73,2026-05-26 01:00:00,16.3,97,0.0,Sao_Paulo,1.0,10.8,17.741666666666667,97.0,1,1,0,Baixo
74,2026-05-26 02:00:00,16.3,97,0.0,Sao_Paulo,0.8,10.7,17.804166666666667,97.0,2,1,0,Baixo
75,2026-05-26 03:00:00,16.4,98,0.0,Sao_Paulo,0.7,10.0,17.85833333333333,98.0,3,1,0,Baixo
76,2026-05-26 04:00:00,16.2,100,0.0,Sao_Paulo,0.7,9.899999999999999,17.904166666666665,100.0,4,1,0,Baixo
77,2026-05-26 05:00:00,16.1,99,0.0,Sao_Paulo,0.7,9.899999999999999,17.945833333333333,100.0,5,1,0,Baixo
78,2026-05-26 06:00:00,16.2,98,0.0,Sao_Paulo,0.7,9.8,18.0,100.0,6,1,0,Baixo
79,2026-05-26 07:00:00,16.3,98,0.0,Sao_Paulo,0.7,9.600000000000001,18.058333333333334,100.0,7,1,0,Baixo
80,2026-05-26 08:00:00,16.7,96,0.0,Sao_Paulo,0.7,9.5,18.1125,100.0,8,1,0,Baixo
81,2026-05-26 09:00:00,17.8,94,0.0,Sao_Paulo,0.7,9.3,18.158333333333335,100.0,9,1,0,Baixo
82,2026-05-26 10:00:00,19.7,83,0.2,Sao_Paulo,0.8999999999999999,9.5,18.220833333333335,100.0,10,1,1,Baixo
83,2026-05-26 11:00:00,21.6,76,0.0,Sao_Paulo,0.8999999999999999,9.4,18.304166666666667,100.0,11,1,0,Baixo
84,2026-05-26 12:00:00,23.7,68,0.0,Sao_Paulo,0.8999999999999999,9.3,18.412499999999998,100.0,12,1,0,Baixo
85,2026-05-26 13:00:00,24.8,58,0.2,Sao_Paulo,1.1,9.399999999999999,18.508333333333333,100.0,13,1,1,Baixo
86,2026-05-26 14:00:00,23.5,64,0.5,Sao_Paulo,1.6,8.0,18.545833333333334,100.0,14,1,1,Baixo
87,2026-05-26 15:00:00,25.8,51,1.0,Sao_Paulo,2.4,8.3,18.683333333333334,100.0,15,1,1,Baixo
88,2026-05-26 16:00:00,24.9,57,0.0,Sao_Paulo,1.9,8.3,18.8,100.0,16,1,0,Baixo
89,2026-05-26 17:00:00,23.7,65,0.0,Sao_Paulo,1.9,7.800000000000001,18.929166666666667,100.0,17,1,0,Baixo
90,2026-05-26 18:00:00,22.5,73,0.0,Sao_Paulo,1.9,6.9,19.1125,100.0,18,1,0,Baixo
91,2026-05-26 19:00:00,21.6,79,0.0,Sao_Paulo,1.9,6.9,19.308333333333334,100.0,19,1,0,Baixo
92,2026-05-26 20:00:00,20.8,85,0.0,Sao_Paulo,1.9,6.9,19.4875,100.0,20,1,0,Baixo
93,2026-05-26 21:00:00,20.3,85,0.0,Sao_Paulo,1.9,6.6,19.633333333333336,100.0,21,1,0,Baixo
94,2026-05-26 22:00:00,19.5,87,0.0,Sao_Paulo,1.9,2.9,19.741666666666664,100.0,22,1,0,Baixo
95,2026-05-26 23:00:00,19.0,89,0.0,Sao_Paulo,1.9,2.9,19.84166666666667,100.0,23,1,0,Baixo
96,2026-05-27 00:00:00,18.4,91,0.0,Sao_Paulo,1.9,2.9,19.920833333333334,100.0,0,2,0,Baixo
97,2026-05-27 01:00:00,17.5,94,0.0,Sao_Paulo,1.9,2.9,19.970833333333335,100.0,1,2,0,Baixo
98,2026-05-27 02:00:00,17.0,96,0.0,Sao_Paulo,1.9,2.6999999999999997,20.0,100.0,2,2,0,Baixo
99,2026-05-27 03:00:00,17.5,93,0.0,Sao_Paulo,1.9,2.6,20.045833333333334,100.0,3,2,0,Baixo
100,2026-05-27 04:00:00,16.9,96,0.0,Sao_Paulo,1.9,2.6,20.075,99.0,4,2,0,Baixo
101,2026-05-27 05:00:00,16.6,97,0.0,Sao_Paulo,1.9,2.6,20.095833333333335,98.0,5,2,0,Baixo
102,2026-05-27 06:00:00,15.9,99,0.0,Sao_Paulo,1.9,2.6,20.083333333333332,99.0,6,2,0,Baixo
103,2026-05-27 07:00:00,15.6,99,0.0,Sao_Paulo,1.9,2.6,20.054166666666667,99.0,7,2,0,Baixo
104,2026-05-27 08:00:00,16.9,98,0.0,Sao_Paulo,1.9,2.6,20.0625,99.0,8,2,0,Baixo
105,2026-05-27 09:00:00,18.2,93,0.0,Sao_Paulo,1.9,2.6,20.079166666666666,99.0,9,2,0,Baixo
106,2026-05-27 10:00:00,20.4,84,0.1,Sao_Paulo,1.8,2.7,20.108333333333334,99.0,10,2,1,Baixo
107,2026-05-27 11:00:00,21.7,77,0.0,Sao_Paulo,1.8,2.7,20.1125,99.0,11,2,0,Baixo
108,2026-05-27 12:00:00,22.8,70,0.1,Sao_Paulo,1.9000000000000001,2.8000000000000003,20.075,99.0,12,2,1,Baixo
109,2026-05-27 13:00:00,21.6,73,0.1,Sao_Paulo,1.8,2.9,19.941666666666666,99.0,13,2,1,Baixo
110,2026-05-27 14:00:00,20.2,81,0.9,Sao_Paulo,2.2,3.8000000000000003,19.804166666666667,99.0,14,2,1,Baixo
111,2026-05-27 15:00:00,20.0,79,0.2,Sao_Paulo,1.4,3.8,19.5625,99.0,15,2,1,Baixo
112,2026-05-27 16:00:00,18.8,83,0.1,Sao_Paulo,1.5,3.4,19.308333333333334,99.0,16,2,1,Baixo
113,2026-05-27 17:00:00,17.5,86,0.0,Sao_Paulo,1.5,3.4,19.05,99.0,17,2,0,Baixo
114,2026-05-27 18:00:00,16.6,88,0.0,Sao_Paulo,1.5,3.4,18.804166666666667,99.0,18,2,0,Baixo
115,2026-05-27 19:00:00,16.1,89,0.0,Sao_Paulo,1.5,3.4,18.575,99.0,19,2,0,Baixo
116,2026-05-27 20:00:00,15.9,89,0.0,Sao_Paulo,1.5,3.4,18.370833333333334,99.0,20,2,0,Baixo
117,2026-05-27 21:00:00,15.8,89,0.0,Sao_Paulo,1.5,3.4,18.183333333333334,99.0,21,2,0,Baixo
118,2026-05-27 22:00:00,14.9,92,0.0,Sao_Paulo,1.5,3.4,17.991666666666664,99.0,22,2,0,Baixo
119,2026-05-27 23:00:00,14.4,93,0.0,Sao_Paulo,1.5,3.4,17.8,99.0,23,2,0,Baixo
120,2026-05-28 00:00:00,14.2,93,0.0,Sao_Paulo,1.5,3.4,17.625,99.0,0,3,0,Baixo
121,2026-05-28 01:00:00,14.5,90,0.0,Sao_Paulo,1.5,3.4,17.5,99.0,1,3,0,Baixo
122,2026-05-28 02:00:00,13.9,94,0.0,Sao_Paulo,1.5,3.4,17.370833333333334,99.0,2,3,0,Baixo
123,2026-05-28 03:00:00,13.1,97,0.0,Sao_Paulo,1.5,3.4,17.1875,99.0,3,3,0,Baixo
124,2026-05-28 04:00:00,12.4,99,0.0,Sao_Paulo,1.5,3.4,17.0,99.0,4,3,0,Baixo
125,2026-05-28 05:00:00,11.9,99,0.0,Sao_Paulo,1.5,3.4,16.804166666666667,99.0,5,3,0,Baixo
126,2026-05-28 06:00:00,11.6,100,0.0,Sao_Paulo,1.5,3.4,16.625,100.0,6,3,0,Baixo
127,2026-05-28 07:00:00,11.4,100,0.0,Sao_Paulo,1.5,3.4,16.45,100.0,7,3,0,Baixo
128,2026-05-28 08:00:00,11.8,99,0.0,Sao_Paulo,1.5,3.4,16.2375,100.0,8,3,0,Baixo
129,2026-05-28 09:00:00,13.6,92,0.0,Sao_Paulo,1.5,3.4,16.045833333333334,100.0,9,3,0,Baixo
130,2026-05-28 10:00:00,14.9,83,0.0,Sao_Paulo,1.4000000000000001,3.1999999999999997,15.816666666666668,100.0,10,3,0,Baixo
131,2026-05-28 11:00:00,16.3,75,0.0,Sao_Paulo,1.4000000000000001,3.1999999999999997,15.591666666666667,100.0,11,3,0,Baixo
132,2026-05-28 12:00:00,18.1,63,0.0,Sao_Paulo,1.3,3.1999999999999997,15.395833333333334,100.0,12,3,0,Baixo
133,2026-05-28 13:00:00,19.1,59,0.0,Sao_Paulo,1.2000000000000002,3.0,15.29166666666667,100.0,13,3,0,Baixo
134,2026-05-28 14:00:00,19.7,56,0.0,Sao_Paulo,0.30000000000000004,2.5,15.270833333333334,100.0,14,3,0,Baixo
135,2026-05-28 15:00:00,20.2,55,0.0,Sao_Paulo,0.1,1.5,15.279166666666667,100.0,15,3,0,Baixo
136,2026-05-28 16:00:00,19.5,60,0.0,Sao_Paulo,0.0,1.5,15.308333333333335,100.0,16,3,0,Baixo
137,2026-05-28 17:00:00,17.5,74,0.0,Sao_Paulo,0.0,1.5,15.308333333333335,100.0,17,3,0,Baixo
138,2026-05-28 18:00:00,15.9,85,0.0,Sao_Paulo,0.0,1.5,15.279166666666667,100.0,18,3,0,Baixo
139,2026-05-28 19:00:00,14.9,92,0.0,Sao_Paulo,0.0,1.5,15.229166666666666,100.0,19,3,0,Baixo
140,2026-05-28 20:00:00,14.4,94,0.0,Sao_Paulo,0.0,1.5,15.166666666666666,100.0,20,3,0,Baixo
141,2026-05-28 21:00:00,14.9,89,0.0,Sao_Paulo,0.0,1.5,15.129166666666668,100.0,21,3,0,Baixo
142,2026-05-28 22:00:00,14.1,93,0.0,Sao_Paulo,0.0,1.5,15.095833333333333,100.0,22,3,0,Baixo
143,2026-05-28 23:00:00,13.6,96,0.0,Sao_Paulo,0.0,1.5,15.0625,100.0,23,3,0,Baixo
144,2026-05-29 00:00:00,13.8,97,0.0,Sao_Paulo,0.0,1.5,15.045833333333334,100.0,0,4,0,Baixo
145,2026-05-29 01:00:00,13.9,96,0.0,Sao_Paulo,0.0,1.5,15.020833333333334,100.0,1,4,0,Baixo
146,2026-05-29 02:00:00,14.2,92,0.0,Sao_Paulo,0.0,1.5,15.033333333333333,100.0,2,4,0,Baixo
147,2026-05-29 03:00:00,13.8,92,0.0,Sao_Paulo,0.0,1.5,15.0625,100.0,3,4,0,Baixo
148,2026-05-29 04:00:00,13.6,92,0.0,Sao_Paulo,0.0,1.5,15.112500000000002,100.0,4,4,0,Baixo
149,2026-05-29 05:00:00,13.4,93,0.0,Sao_Paulo,0.0,1.5,15.174999999999999,100.0,5,4,0,Baixo
150,2026-05-29 06:00:00,13.1,95,0.0,Sao_Paulo,0.0,1.5,15.237500000000002,100.0,6,4,0,Baixo
151,2026-05-29 07:00:00,12.9,94,0.0,Sao_Paulo,0.0,1.5,15.299999999999999,99.0,7,4,0,Baixo
152,2026-05-29 08:00:00,13.4,91,0.0,Sao_Paulo,0.0,1.5,15.366666666666665,97.0,8,4,0,Baixo
153,2026-05-29 09:00:00,14.6,89,0.0,Sao_Paulo,0.0,1.5,15.408333333333333,97.0,9,4,0,Baixo
154,2026-05-29 10:00:00,16.2,80,0.0,Sao_Paulo,0.0,1.4,15.462499999999999,97.0,10,4,0,Baixo
155,2026-05-29 11:00:00,17.6,70,0.0,Sao_Paulo,0.0,1.4,15.516666666666667,97.0,11,4,0,Baixo
156,2026-05-29 12:00:00,18.7,65,0.0,Sao_Paulo,0.0,1.3,15.541666666666666,97.0,12,4,0,Baixo
157,2026-05-29 13:00:00,19.5,60,0.0,Sao_Paulo,0.0,1.2,15.558333333333332,97.0,13,4,0,Baixo
158,2026-05-29 14:00:00,20.5,55,0.0,Sao_Paulo,0.0,0.30000000000000004,15.591666666666667,97.0,14,4,0,Baixo
159,2026-05-29 15:00:00,20.3,58,0.0,Sao_Paulo,0.0,0.1,15.595833333333333,97.0,15,4,0,Baixo
160,2026-05-29 16:00:00,19.1,66,0.0,Sao_Paulo,0.0,0.0,15.579166666666666,97.0,16,4,0,Baixo
161,2026-05-29 17:00:00,17.1,81,0.0,Sao_Paulo,0.0,0.0,15.5625,97.0,17,4,0,Baixo
162,2026-05-29 18:00:00,15.8,88,0.0,Sao_Paulo,0.0,0.0,15.558333333333335,97.0,18,4,0,Baixo
163,2026-05-29 19:00:00,15.2,91,0.0,Sao_Paulo,0.0,0.0,15.570833333333333,97.0,19,4,0,Baixo
164,2026-05-29 20:00:00,14.9,92,0.0,Sao_Paulo,0.0,0.0,15.591666666666669,97.0,20,4,0,Baixo
165,2026-05-29 21:00:00,15.4,89,0.0,Sao_Paulo,0.0,0.0,15.612499999999999,97.0,21,4,0,Baixo
166,2026-05-29 22:00:00,15.4,89,0.0,Sao_Paulo,0.0,0.0,15.666666666666666,97.0,22,4,0,Baixo
167,2026-05-29 23:00:00,15.4,89,0.0,Sao_Paulo,0.0,0.0,15.741666666666667,97.0,23,4,0,Baixo
168,2026-05-30 00:00:00,14.9,93,0.0,Sao_Paulo,0.0,0.0,15.7875,96.0,0,5,0,Baixo
169,2026-05-30 01:00:00,14.7,94,0.0,Sao_Paulo,0.0,0.0,15.820833333333333,95.0,1,5,0,Baixo
170,2026-05-30 02:00:00,14.8,93,0.0,Sao_Paulo,0.0,0.0,15.845833333333333,95.0,2,5,0,Baixo
171,2026-05-30 03:00:00,14.9,92,0.0,Sao_Paulo,0.0,0.0,15.891666666666667,95.0,3,5,0,Baixo
172,2026-05-30 04:00:00,14.9,93,0.0,Sao_Paulo,0.0,0.0,15.945833333333333,95.0,4,5,0,Baixo
173,2026-05-30 05:00:00,14.9,93,0.0,Sao_Paulo,0.0,0.0,16.008333333333333,95.0,5,5,0,Baixo
174,2026-05-30 06:00:00,14.8,92,0.0,Sao_Paulo,0.0,0.0,16.079166666666666,94.0,6,5,0,Baixo
175,2026-05-30 07:00:00,14.9,92,0.0,Sao_Paulo,0.0,0.0,16.1625,94.0,7,5,0,Baixo
176,2026-05-30 08:00:00,15.1,91,0.0,Sao_Paulo,0.0,0.0,16.233333333333334,94.0,8,5,0,Baixo
177,2026-05-30 09:00:00,15.8,89,0.0,Sao_Paulo,0.0,0.0,16.283333333333335,94.0,9,5,0,Baixo
178,2026-05-30 10:00:00,16.5,86,0.0,Sao_Paulo,0.0,0.0,16.295833333333334,94.0,10,5,0,Baixo
179,2026-05-30 11:00:00,18.2,79,0.0,Sao_Paulo,0.0,0.0,16.320833333333333,94.0,11,5,0,Baixo
180,2026-05-30 12:00:00,19.4,76,0.0,Sao_Paulo,0.0,0.0,16.35,94.0,12,5,0,Baixo
181,2026-05-30 13:00:00,20.8,69,0.1,Sao_Paulo,0.1,0.1,16.404166666666665,94.0,13,5,1,Baixo
182,2026-05-30 14:00:00,20.9,68,0.0,Sao_Paulo,0.1,0.1,16.420833333333334,94.0,14,5,0,Baixo
183,2026-05-30 15:00:00,21.4,66,0.0,Sao_Paulo,0.1,0.1,16.466666666666665,94.0,15,5,0,Baixo
184,2026-05-30 16:00:00,21.3,65,0.0,Sao_Paulo,0.1,0.1,16.558333333333334,94.0,16,5,0,Baixo
185,2026-05-30 17:00:00,20.9,67,0.0,Sao_Paulo,0.1,0.1,16.716666666666665,94.0,17,5,0,Baixo
186,2026-05-30 18:00:00,19.6,74,0.0,Sao_Paulo,0.1,0.1,16.875,94.0,18,5,0,Baixo
187,2026-05-30 19:00:00,17.8,85,0.0,Sao_Paulo,0.1,0.1,16.983333333333334,94.0,19,5,0,Baixo
188,2026-05-30 20:00:00,16.2,96,0.0,Sao_Paulo,0.1,0.1,17.037499999999998,96.0,20,5,0,Baixo
189,2026-05-30 21:00:00,16.1,95,0.0,Sao_Paulo,0.1,0.1,17.066666666666666,96.0,21,5,0,Baixo
190,2026-05-30 22:00:00,16.2,93,0.1,Sao_Paulo,0.2,0.2,17.1,96.0,22,5,1,Baixo
191,2026-05-30 23:00:00,16.4,91,0.0,Sao_Paulo,0.2,0.2,17.141666666666666,96.0,23,5,0,Baixo
192,2026-05-31 00:00:00,16.2,91,0.0,Sao_Paulo,0.2,0.2,17.195833333333333,96.0,0,6,0,Baixo
193,2026-05-31 01:00:00,15.4,96,0.0,Sao_Paulo,0.2,0.2,17.225,96.0,1,6,0,Baixo
194,2026-05-31 02:00:00,15.1,97,0.0,Sao_Paulo,0.2,0.2,17.2375,97.0,2,6,0,Baixo
195,2026-05-31 03:00:00,14.9,96,0.0,Sao_Paulo,0.2,0.2,17.2375,97.0,3,6,0,Baixo
196,2026-05-31 04:00:00,14.7,96,0.0,Sao_Paulo,0.2,0.2,17.229166666666668,97.0,4,6,0,Baixo
197,2026-05-31 05:00:00,14.6,94,0.0,Sao_Paulo,0.2,0.2,17.21666666666667,97.0,5,6,0,Baixo
198,2026-05-31 06:00:00,14.6,93,0.0,Sao_Paulo,0.2,0.2,17.208333333333332,97.0,6,6,0,Baixo
199,2026-05-31 07:00:00,14.7,93,0.0,Sao_Paulo,0.2,0.2,17.2,97.0,7,6,0,Baixo
200,2026-05-31 08:00:00,15.1,89,0.0,Sao_Paulo,0.2,0.2,17.2,97.0,8,6,0,Baixo
201,2026-05-31 09:00:00,16.0,83,0.0,Sao_Paulo,0.2,0.2,17.208333333333332,97.0,9,6,0,Baixo
202,2026-05-31 10:00:00,16.9,79,0.0,Sao_Paulo,0.2,0.2,17.224999999999998,97.0,10,6,0,Baixo
203,2026-05-31 11:00:00,18.1,71,0.0,Sao_Paulo,0.2,0.2,17.220833333333335,97.0,11,6,0,Baixo
204,2026-05-31 12:00:00,19.0,67,0.0,Sao_Paulo,0.2,0.2,17.204166666666666,97.0,12,6,0,Baixo
205,2026-05-31 13:00:00,19.1,66,0.0,Sao_Paulo,0.1,0.2,17.133333333333336,97.0,13,6,0,Baixo
206,2026-05-31 14:00:00,19.6,63,0.0,Sao_Paulo,0.1,0.2,17.079166666666666,97.0,14,6,0,Baixo
207,2026-05-31 15:00:00,20.0,60,0.0,Sao_Paulo,0.1,0.2,17.020833333333332,97.0,15,6,0,Baixo
208,2026-05-31 16:00:00,20.0,59,0.0,Sao_Paulo,0.1,0.2,16.966666666666665,97.0,16,6,0,Baixo
209,2026-05-31 17:00:00,19.2,64,0.0,Sao_Paulo,0.1,0.2,16.895833333333332,97.0,17,6,0,Baixo
210,2026-05-31 18:00:00,17.1,83,0.0,Sao_Paulo,0.1,0.2,16.791666666666668,97.0,18,6,0,Baixo
211,2026-05-31 19:00:00,15.9,91,0.0,Sao_Paulo,0.1,0.2,16.7125,97.0,19,6,0,Baixo
212,2026-05-31 20:00:00,15.1,95,0.0,Sao_Paulo,0.1,0.2,16.666666666666668,97.0,20,6,0,Baixo
213,2026-05-31 21:00:00,15.0,94,0.0,Sao_Paulo,0.1,0.2,16.620833333333334,97.0,21,6,0,Baixo
214,2026-05-31 22:00:00,14.8,94,0.0,Sao_Paulo,0.0,0.2,16.5625,97.0,22,6,0,Baixo
215,2026-05-31 23:00:00,14.6,94,0.0,Sao_Paulo,0.0,0.2,16.4875,97.0,23,6,0,Baixo
216,2026-06-01 00:00:00,14.5,93,0.0,Sao_Paulo,0.0,0.2,16.416666666666668,97.0,0,0,0,Baixo
217,2026-06-01 01:00:00,14.1,94,0.0,Sao_Paulo,0.0,0.2,16.3625,97.0,1,0,0,Baixo
218,2026-06-01 02:00:00,13.8,95,0.0,Sao_Paulo,0.0,0.2,16.308333333333334,96.0,2,0,0,Baixo
219,2026-06-01 03:00:00,13.5,96,0.0,Sao_Paulo,0.0,0.2,16.25,96.0,3,0,0,Baixo
220,2026-06-01 04:00:00,13.3,95,0.0,Sao_Paulo,0.0,0.2,16.191666666666666,96.0,4,0,0,Baixo
221,2026-06-01 05:00:00,13.1,95,0.0,Sao_Paulo,0.0,0.2,16.129166666666666,96.0,5,0,0,Baixo
222,2026-06-01 06:00:00,12.8,96,0.0,Sao_Paulo,0.0,0.2,16.054166666666667,96.0,6,0,0,Baixo
223,2026-06-01 07:00:00,12.5,98,0.0,Sao_Paulo,0.0,0.2,15.9625,98.0,7,0,0,Baixo
224,2026-06-01 08:00:00,13.0,96,0.0,Sao_Paulo,0.0,0.2,15.875,98.0,8,0,0,Baixo
225,2026-06-01 09:00:00,13.9,90,0.0,Sao_Paulo,0.0,0.2,15.7875,98.0,9,0,0,Baixo
226,2026-06-01 10:00:00,15.6,81,0.0,Sao_Paulo,0.0,0.2,15.733333333333334,98.0,10,0,0,Baixo
227,2026-06-01 11:00:00,17.3,76,0.0,Sao_Paulo,0.0,0.2,15.700000000000001,98.0,11,0,0,Baixo
228,2026-06-01 12:00:00,19.1,66,0.0,Sao_Paulo,0.0,0.2,15.704166666666666,98.0,12,0,0,Baixo
229,2026-06-01 13:00:00,20.6,55,0.0,Sao_Paulo,0.0,0.1,15.766666666666666,98.0,13,0,0,Baixo
230,2026-06-01 14:00:00,21.2,53,0.0,Sao_Paulo,0.0,0.1,15.833333333333334,98.0,14,0,0,Baixo
231,2026-06-01 15:00:00,21.2,50,0.0,Sao_Paulo,0.0,0.1,15.883333333333333,98.0,15,0,0,Baixo
232,2026-06-01 16:00:00,20.6,47,0.0,Sao_Paulo,0.0,0.1,15.908333333333333,98.0,16,0,0,Baixo
233,2026-06-01 17:00:00,18.0,69,0.0,Sao_Paulo,0.0,0.1,15.858333333333334,98.0,17,0,0,Baixo
234,2026-06-01 18:00:00,15.6,86,0.0,Sao_Paulo,0.0,0.1,15.795833333333334,98.0,18,0,0,Baixo
235,2026-06-01 19:00:00,15.0,88,0.0,Sao_Paulo,0.0,0.1,15.758333333333335,98.0,19,0,0,Baixo
236,2026-06-01 20:00:00,14.3,90,0.0,Sao_Paulo,0.0,0.1,15.725,98.0,20,0,0,Baixo
237,2026-06-01 21:00:00,13.7,90,0.0,Sao_Paulo,0.0,0.1,15.670833333333334,98.0,21,0,0,Baixo
238,2026-06-01 22:00:00,13.2,89,0.0,Sao_Paulo,0.0,0.0,15.604166666666666,98.0,22,0,0,Baixo
239,2026-06-01 23:00:00,12.8,90,0.0,Sao_Paulo,0.0,0.0,15.529166666666669,98.0,23,0,0,Baixo
240,2026-06-02 00:00:00,12.6,91,0.0,Sao_Paulo,0.0,0.0,15.450000000000001,98.0,0,1,0,Baixo
241,2026-06-02 01:00:00,12.1,94,0.0,Sao_Paulo,0.0,0.0,15.366666666666667,98.0,1,1,0,Baixo
242,2026-06-02 02:00:00,11.6,99,0.0,Sao_Paulo,0.0,0.0,15.274999999999999,99.0,2,1,0,Baixo
243,2026-06-02 03:00:00,11.4,99,0.0,Sao_Paulo,0.0,0.0,15.1875,99.0,3,1,0,Baixo
244,2026-06-02 04:00:00,11.4,99,0.0,Sao_Paulo,0.0,0.0,15.108333333333333,99.0,4,1,0,Baixo
245,2026-06-02 05:00:00,11.2,99,0.0,Sao_Paulo,0.0,0.0,15.029166666666667,99.0,5,1,0,Baixo
246,2026-06-02 06:00:00,11.1,99,0.0,Sao_Paulo,0.0,0.0,14.958333333333334,99.0,6,1,0,Baixo
247,2026-06-02 07:00:00,11.4,97,0.0,Sao_Paulo,0.0,0.0,14.9125,99.0,7,1,0,Baixo
248,2026-06-02 08:00:00,11.6,99,0.0,Sao_Paulo,0.0,0.0,14.854166666666666,99.0,8,1,0,Baixo
249,2026-06-02 09:00:00,12.4,97,0.0,Sao_Paulo,0.0,0.0,14.791666666666666,99.0,9,1,0,Baixo
250,2026-06-02 10:00:00,15.2,81,0.0,Sao_Paulo,0.0,0.0,14.775,99.0,10,1,0,Baixo
251,2026-06-02 11:00:00,17.1,69,0.0,Sao_Paulo,0.0,0.0,14.766666666666666,99.0,11,1,0,Baixo
252,2026-06-02 12:00:00,18.6,59,0.0,Sao_Paulo,0.0,0.0,14.745833333333335,99.0,12,1,0,Baixo
253,2026-06-02 13:00:00,19.0,57,0.0,Sao_Paulo,0.0,0.0,14.679166666666667,99.0,13,1,0,Baixo
254,2026-06-02 14:00:00,19.5,54,0.0,Sao_Paulo,0.0,0.0,14.608333333333334,99.0,14,1,0,Baixo
255,2026-06-02 15:00:00,18.8,61,0.0,Sao_Paulo,0.0,0.0,14.508333333333335,99.0,15,1,0,Baixo
256,2026-06-02 16:00:00,17.5,70,0.0,Sao_Paulo,0.0,0.0,14.379166666666668,99.0,16,1,0,Baixo
257,2026-06-02 17:00:00,16.1,79,0.0,Sao_Paulo,0.0,0.0,14.299999999999999,99.0,17,1,0,Baixo
258,2026-06-02 18:00:00,15.1,85,0.0,Sao_Paulo,0.0,0.0,14.279166666666667,99.0,18,1,0,Baixo
259,2026-06-02 19:00:00,14.9,85,0.0,Sao_Paulo,0.0,0.0,14.274999999999999,99.0,19,1,0,Baixo
260,2026-06-02 20:00:00,14.5,86,0.0,Sao_Paulo,0.0,0.0,14.283333333333333,99.0,20,1,0,Baixo
261,2026-06-02 21:00:00,13.9,91,0.0,Sao_Paulo,0.0,0.0,14.291666666666666,99.0,21,1,0,Baixo
262,2026-06-02 22:00:00,13.5,93,0.0,Sao_Paulo,0.0,0.0,14.304166666666667,99.0,22,1,0,Baixo
263,2026-06-02 23:00:00,13.4,92,0.0,Sao_Paulo,0.0,0.0,14.329166666666666,99.0,23,1,0,Baixo
264,2026-06-03 00:00:00,13.2,93,0.0,Sao_Paulo,0.0,0.0,14.354166666666666,99.0,0,2,0,Baixo
265,2026-06-03 01:00:00,13.0,94,0.0,Sao_Paulo,0.0,0.0,14.391666666666666,99.0,1,2,0,Baixo
266,2026-06-03 02:00:00,12.8,96,0.0,Sao_Paulo,0.0,0.0,14.441666666666668,99.0,2,2,0,Baixo
267,2026-06-03 03:00:00,12.9,93,0.0,Sao_Paulo,0.0,0.0,14.504166666666665,99.0,3,2,0,Baixo
268,2026-06-03 04:00:00,12.8,93,0.0,Sao_Paulo,0.0,0.0,14.5625,99.0,4,2,0,Baixo
269,2026-06-03 05:00:00,12.8,92,0.0,Sao_Paulo,0.0,0.0,14.629166666666668,99.0,5,2,0,Baixo
270,2026-06-03 06:00:00,12.9,91,0.0,Sao_Paulo,0.0,0.0,14.704166666666666,99.0,6,2,0,Baixo
271,2026-06-03 07:00:00,13.2,89,0.0,Sao_Paulo,0.0,0.0,14.779166666666669,99.0,7,2,0,Baixo
272,2026-06-03 08:00:00,13.8,87,0.0,Sao_Paulo,0.0,0.0,14.870833333333332,97.0,8,2,0,Baixo
273,2026-06-03 09:00:00,14.4,82,0.0,Sao_Paulo,0.0,0.0,14.954166666666667,96.0,9,2,0,Baixo
274,2026-06-03 10:00:00,15.6,75,0.0,Sao_Paulo,0.0,0.0,14.970833333333331,96.0,10,2,0,Baixo
275,2026-06-03 11:00:00,16.9,67,0.0,Sao_Paulo,0.0,0.0,14.9625,96.0,11,2,0,Baixo
276,2026-06-03 12:00:00,18.0,60,0.0,Sao_Paulo,0.0,0.0,14.9375,96.0,12,2,0,Baixo
277,2026-06-03 13:00:00,18.8,56,0.0,Sao_Paulo,0.0,0.0,14.929166666666667,96.0,13,2,0,Baixo
278,2026-06-03 14:00:00,19.4,52,0.0,Sao_Paulo,0.0,0.0,14.924999999999999,96.0,14,2,0,Baixo
279,2026-06-03 15:00:00,19.3,52,0.0,Sao_Paulo,0.0,0.0,14.945833333333333,96.0,15,2,0,Baixo
280,2026-06-03 16:00:00,18.1,59,0.0,Sao_Paulo,0.0,0.0,14.970833333333331,96.0,16,2,0,Baixo
281,2026-06-03 17:00:00,16.4,73,0.0,Sao_Paulo,0.0,0.0,14.983333333333334,96.0,17,2,0,Baixo
282,2026-06-03 18:00:00,14.9,84,0.0,Sao_Paulo,0.0,0.0,14.975,96.0,18,2,0,Baixo
283,2026-06-03 19:00:00,14.4,90,0.0,Sao_Paulo,0.0,0.0,14.954166666666667,96.0,19,2,0,Baixo
284,2026-06-03 20:00:00,14.1,91,0.0,Sao_Paulo,0.0,0.0,14.9375,96.0,20,2,0,Baixo
285,2026-06-03 21:00:00,14.0,91,0.0,Sao_Paulo,0.0,0.0,14.941666666666665,96.0,21,2,0,Baixo
286,2026-06-03 22:00:00,13.9,91,0.0,Sao_Paulo,0.0,0.0,14.958333333333334,96.0,22,2,0,Baixo
287,2026-06-03 23:00:00,14.0,90,0.0,Sao_Paulo,0.0,0.0,14.983333333333334,96.0,23,2,0,Baixo
288,2026-06-04 00:00:00,14.1,90,0.0,Sao_Paulo,0.0,0.0,15.020833333333334,96.0,0,3,0,Baixo
289,2026-06-04 01:00:00,14.0,91,0.0,Sao_Paulo,0.0,0.0,15.0625,96.0,1,3,0,Baixo
290,2026-06-04 02:00:00,13.9,92,0.0,Sao_Paulo,0.0,0.0,15.108333333333334,93.0,2,3,0,Baixo
291,2026-06-04 03:00:00,13.9,93,0.0,Sao_Paulo,0.0,0.0,15.15,93.0,3,3,0,Baixo
292,2026-06-04 04:00:00,13.9,94,0.0,Sao_Paulo,0.0,0.0,15.195833333333335,94.0,4,3,0,Baixo
293,2026-06-04 05:00:00,14.0,94,0.0,Sao_Paulo,0.0,0.0,15.245833333333332,94.0,5,3,0,Baixo
294,2026-06-04 06:00:00,14.2,92,0.0,Sao_Paulo,0.0,0.0,15.300000000000002,94.0,6,3,0,Baixo
295,2026-06-04 07:00:00,14.5,90,0.0,Sao_Paulo,0.0,0.0,15.354166666666666,94.0,7,3,0,Baixo
296,2026-06-04 08:00:00,14.9,86,0.0,Sao_Paulo,0.0,0.0,15.4,94.0,8,3,0,Baixo
297,2026-06-04 09:00:00,15.6,80,0.0,Sao_Paulo,0.0,0.0,15.450000000000001,94.0,9,3,0,Baixo
298,2026-06-04 10:00:00,16.6,72,0.0,Sao_Paulo,0.0,0.0,15.491666666666667,94.0,10,3,0,Baixo
299,2026-06-04 11:00:00,18.0,63,0.0,Sao_Paulo,0.0,0.0,15.5375,94.0,11,3,0,Baixo
300,2026-06-04 12:00:00,18.8,58,0.0,Sao_Paulo,0.0,0.0,15.570833333333333,94.0,12,3,0,Baixo
301,2026-06-04 13:00:00,19.0,57,0.0,Sao_Paulo,0.0,0.0,15.579166666666666,94.0,13,3,0,Baixo
302,2026-06-04 14:00:00,18.9,58,0.0,Sao_Paulo,0.0,0.0,15.558333333333332,94.0,14,3,0,Baixo
303,2026-06-04 15:00:00,18.4,60,0.0,Sao_Paulo,0.0,0.0,15.520833333333334,94.0,15,3,0,Baixo
304,2026-06-04 16:00:00,17.4,65,0.0,Sao_Paulo,0.0,0.0,15.491666666666665,94.0,16,3,0,Baixo
305,2026-06-04 17:00:00,15.9,71,0.0,Sao_Paulo,0.0,0.0,15.470833333333333,94.0,17,3,0,Baixo
306,2026-06-04 18:00:00,14.8,77,0.0,Sao_Paulo,0.0,0.0,15.466666666666667,94.0,18,3,0,Baixo
307,2026-06-04 19:00:00,14.1,82,0.0,Sao_Paulo,0.0,0.0,15.454166666666666,94.0,19,3,0,Baixo
308,2026-06-04 20:00:00,13.8,85,0.0,Sao_Paulo,0.0,0.0,15.441666666666668,94.0,20,3,0,Baixo
309,2026-06-04 21:00:00,13.5,88,0.0,Sao_Paulo,0.0,0.0,15.420833333333334,94.0,21,3,0,Baixo
310,2026-06-04 22:00:00,13.1,91,0.0,Sao_Paulo,0.0,0.0,15.387499999999998,94.0,22,3,0,Baixo
311,2026-06-04 23:00:00,12.7,92,0.0,Sao_Paulo,0.0,0.0,15.333333333333334,94.0,23,3,0,Baixo
312,2026-06-05 00:00:00,12.4,94,0.0,Sao_Paulo,0.0,0.0,15.262500000000001,94.0,0,4,0,Baixo
313,2026-06-05 01:00:00,12.0,95,0.0,Sao_Paulo,0.0,0.0,15.179166666666667,95.0,1,4,0,Baixo
314,2026-06-05 02:00:00,11.6,96,0.0,Sao_Paulo,0.0,0.0,15.083333333333334,96.0,2,4,0,Baixo
315,2026-06-05 03:00:00,11.4,97,0.0,Sao_Paulo,0.0,0.0,14.979166666666666,97.0,3,4,0,Baixo
316,2026-06-05 04:00:00,11.1,98,0.0,Sao_Paulo,0.0,0.0,14.862500000000002,98.0,4,4,0,Baixo
317,2026-06-05 05:00:00,10.9,98,0.0,Sao_Paulo,0.0,0.0,14.733333333333334,98.0,5,4,0,Baixo
318,2026-06-05 06:00:00,10.9,98,0.0,Sao_Paulo,0.0,0.0,14.595833333333331,98.0,6,4,0,Baixo
319,2026-06-05 07:00:00,11.4,95,0.0,Sao_Paulo,0.0,0.0,14.466666666666667,98.0,7,4,0,Baixo
320,2026-06-05 08:00:00,11.8,92,0.0,Sao_Paulo,0.0,0.0,14.3375,98.0,8,4,0,Baixo
321,2026-06-05 09:00:00,12.3,88,0.0,Sao_Paulo,0.0,0.0,14.199999999999998,98.0,9,4,0,Baixo
322,2026-06-05 10:00:00,13.2,81,0.0,Sao_Paulo,0.0,0.0,14.058333333333335,98.0,10,4,0,Baixo
323,2026-06-05 11:00:00,14.4,73,0.0,Sao_Paulo,0.0,0.0,13.908333333333333,98.0,11,4,0,Baixo
324,2026-06-05 12:00:00,15.9,65,0.0,Sao_Paulo,0.0,0.0,13.7875,98.0,12,4,0,Baixo
325,2026-06-05 13:00:00,17.2,58,0.0,Sao_Paulo,0.0,0.0,13.7125,98.0,13,4,0,Baixo
326,2026-06-05 14:00:00,18.2,53,0.0,Sao_Paulo,0.0,0.0,13.683333333333335,98.0,14,4,0,Baixo
327,2026-06-05 15:00:00,18.6,51,0.0,Sao_Paulo,0.0,0.0,13.691666666666668,98.0,15,4,0,Baixo
328,2026-06-05 16:00:00,18.2,53,0.0,Sao_Paulo,0.0,0.0,13.725000000000001,98.0,16,4,0,Baixo
329,2026-06-05 17:00:00,17.4,58,0.0,Sao_Paulo,0.0,0.0,13.7875,98.0,17,4,0,Baixo
330,2026-06-05 18:00:00,16.1,65,0.0,Sao_Paulo,0.0,0.0,13.841666666666669,98.0,18,4,0,Baixo
331,2026-06-05 19:00:00,14.7,73,0.0,Sao_Paulo,0.0,0.0,13.866666666666667,98.0,19,4,0,Baixo
332,2026-06-05 20:00:00,13.4,82,0.0,Sao_Paulo,0.0,0.0,13.85,98.0,20,4,0,Baixo
333,2026-06-05 21:00:00,12.4,89,0.0,Sao_Paulo,0.0,0.0,13.804166666666667,98.0,21,4,0,Baixo
334,2026-06-05 22:00:00,11.6,93,0.0,Sao_Paulo,0.0,0.0,13.741666666666667,98.0,22,4,0,Baixo
335,2026-06-05 23:00:00,10.9,96,0.0,Sao_Paulo,0.0,0.0,13.666666666666666,98.0,23,4,0,Baixo
336,2026-05-23 00:00:00,14.2,98,0.0,Guarulhos,0.0,0.0,14.2,98.0,0,5,0,Baixo
337,2026-05-23 01:00:00,14.2,99,0.0,Guarulhos,0.0,0.0,14.2,99.0,1,5,0,Baixo
338,2026-05-23 02:00:00,14.4,99,0.0,Guarulhos,0.0,0.0,14.266666666666666,99.0,2,5,0,Baixo
339,2026-05-23 03:00:00,14.4,99,0.0,Guarulhos,0.0,0.0,14.3,99.0,3,5,0,Baixo
340,2026-05-23 04:00:00,14.3,99,0.0,Guarulhos,0.0,0.0,14.3,99.0,4,5,0,Baixo
341,2026-05-23 05:00:00,14.4,99,0.0,Guarulhos,0.0,0.0,14.316666666666668,99.0,5,5,0,Baixo
342,2026-05-23 06:00:00,14.3,99,0.0,Guarulhos,0.0,0.0,14.314285714285715,99.0,6,5,0,Baixo
343,2026-05-23 07:00:00,14.2,99,0.0,Guarulhos,0.0,0.0,14.3,99.0,7,5,0,Baixo
344,2026-05-23 08:00:00,14.9,98,2.0,Guarulhos,2.0,2.0,14.366666666666667,99.0,8,5,1,Baixo
345,2026-05-23 09:00:00,15.6,97,0.7,Guarulhos,2.7,2.7,14.49,99.0,9,5,1,Baixo
346,2026-05-23 10:00:00,15.6,97,6.8,Guarulhos,9.5,9.5,14.590909090909092,99.0,10,5,1,Baixo
347,2026-05-23 11:00:00,18.2,80,0.2,Guarulhos,9.7,9.7,14.891666666666666,99.0,11,5,1,Baixo
348,2026-05-23 12:00:00,20.3,73,0.0,Guarulhos,9.7,9.7,15.307692307692308,99.0,12,5,0,Baixo
349,2026-05-23 13:00:00,20.5,73,0.1,Guarulhos,9.8,9.8,15.678571428571429,99.0,13,5,1,Baixo
350,2026-05-23 14:00:00,20.9,72,0.2,Guarulhos,10.0,10.0,16.026666666666667,99.0,14,5,1,Baixo
351,2026-05-23 15:00:00,20.0,77,1.0,Guarulhos,11.0,11.0,16.275,99.0,15,5,1,Baixo
352,2026-05-23 16:00:00,19.4,82,0.2,Guarulhos,11.2,11.2,16.458823529411767,99.0,16,5,1,Baixo
353,2026-05-23 17:00:00,18.4,92,0.6,Guarulhos,11.8,11.8,16.566666666666666,99.0,17,5,1,Baixo
354,2026-05-23 18:00:00,17.3,97,1.8,Guarulhos,13.6,13.6,16.605263157894736,99.0,18,5,1,Baixo
355,2026-05-23 19:00:00,17.0,99,1.5,Guarulhos,15.1,15.1,16.625,99.0,19,5,1,Baixo
356,2026-05-23 20:00:00,16.5,100,1.6,Guarulhos,16.7,16.7,16.61904761904762,100.0,20,5,1,Baixo
357,2026-05-23 21:00:00,16.3,99,5.5,Guarulhos,22.2,22.2,16.604545454545455,100.0,21,5,1,Médio
358,2026-05-23 22:00:00,15.8,99,2.9,Guarulhos,25.1,25.1,16.569565217391304,100.0,22,5,1,Médio
359,2026-05-23 23:00:00,15.4,97,6.4,Guarulhos,31.5,31.5,16.520833333333332,100.0,23,5,1,Médio
360,2026-05-24 00:00:00,15.8,98,0.2,Guarulhos,31.7,31.7,16.587500000000002,100.0,0,6,1,Médio
361,2026-05-24 01:00:00,15.5,99,0.4,Guarulhos,32.1,32.1,16.64166666666667,100.0,1,6,1,Médio
362,2026-05-24 02:00:00,15.1,99,0.3,Guarulhos,32.4,32.4,16.67083333333333,100.0,2,6,1,Médio
363,2026-05-24 03:00:00,15.4,98,0.7,Guarulhos,33.1,33.1,16.712500000000002,100.0,3,6,1,Médio
364,2026-05-24 04:00:00,15.1,99,0.0,Guarulhos,33.1,33.1,16.745833333333334,100.0,4,6,0,Médio
365,2026-05-24 05:00:00,15.2,99,0.2,Guarulhos,33.3,33.3,16.77916666666667,100.0,5,6,1,Médio
366,2026-05-24 06:00:00,15.4,99,0.0,Guarulhos,33.3,33.3,16.825,100.0,6,6,0,Médio
367,2026-05-24 07:00:00,15.6,99,0.1,Guarulhos,33.4,33.4,16.883333333333336,100.0,7,6,1,Médio
368,2026-05-24 08:00:00,16.5,97,0.1,Guarulhos,31.5,33.5,16.95,100.0,8,6,1,Médio
369,2026-05-24 09:00:00,18.0,94,0.1,Guarulhos,30.900000000000002,33.6,17.05,100.0,9,6,1,Médio
370,2026-05-24 10:00:00,20.5,82,0.0,Guarulhos,24.1,33.6,17.254166666666666,100.0,10,6,0,Médio
371,2026-05-24 11:00:00,22.5,72,0.0,Guarulhos,23.900000000000002,33.6,17.433333333333334,100.0,11,6,0,Médio
372,2026-05-24 12:00:00,23.2,68,0.1,Guarulhos,24.0,33.7,17.554166666666667,100.0,12,6,1,Médio
373,2026-05-24 13:00:00,23.8,64,0.1,Guarulhos,24.0,33.8,17.691666666666666,100.0,13,6,1,Médio
374,2026-05-24 14:00:00,19.0,91,4.6,Guarulhos,28.4,38.4,17.6125,100.0,14,6,1,Médio
375,2026-05-24 15:00:00,20.0,84,0.5,Guarulhos,27.9,38.9,17.6125,100.0,15,6,1,Médio
376,2026-05-24 16:00:00,20.2,81,0.0,Guarulhos,27.7,38.9,17.645833333333332,100.0,16,6,0,Médio
377,2026-05-24 17:00:00,19.6,86,0.1,Guarulhos,27.2,39.0,17.695833333333333,100.0,17,6,1,Médio
378,2026-05-24 18:00:00,18.6,95,1.0,Guarulhos,26.4,40.0,17.75,100.0,18,6,1,Médio
379,2026-05-24 19:00:00,17.9,96,0.2,Guarulhos,25.099999999999998,40.2,17.787499999999998,100.0,19,6,1,Médio
380,2026-05-24 20:00:00,17.5,98,0.0,Guarulhos,23.5,40.2,17.829166666666666,99.0,20,6,0,Médio
381,2026-05-24 21:00:00,16.5,98,0.4,Guarulhos,18.4,40.6,17.8375,99.0,21,6,1,Baixo
382,2026-05-24 22:00:00,16.8,97,2.9,Guarulhos,18.4,43.5,17.879166666666666,99.0,22,6,1,Baixo
383,2026-05-24 23:00:00,16.5,98,0.0,Guarulhos,12.0,43.5,17.925,99.0,23,6,0,Baixo
384,2026-05-25 00:00:00,15.9,99,0.0,Guarulhos,11.8,43.5,17.929166666666667,99.0,0,0,0,Baixo
385,2026-05-25 01:00:00,15.0,99,0.0,Guarulhos,11.4,43.5,17.908333333333335,99.0,1,0,0,Baixo
386,2026-05-25 02:00:00,14.6,98,0.0,Guarulhos,11.1,43.5,17.8875,99.0,2,0,0,Baixo
387,2026-05-25 03:00:00,14.9,97,0.1,Guarulhos,10.5,43.6,17.866666666666667,99.0,3,0,1,Baixo
388,2026-05-25 04:00:00,14.9,97,0.0,Guarulhos,10.5,43.6,17.858333333333334,99.0,4,0,0,Baixo
389,2026-05-25 05:00:00,14.8,97,0.0,Guarulhos,10.299999999999999,43.6,17.841666666666665,99.0,5,0,0,Baixo
390,2026-05-25 06:00:00,14.7,96,0.0,Guarulhos,10.299999999999999,43.6,17.8125,99.0,6,0,0,Baixo
391,2026-05-25 07:00:00,14.7,96,0.0,Guarulhos,10.2,43.6,17.775,99.0,7,0,0,Baixo
392,2026-05-25 08:00:00,15.1,94,0.0,Guarulhos,10.1,41.6,17.716666666666665,99.0,8,0,0,Baixo
393,2026-05-25 09:00:00,16.4,94,0.0,Guarulhos,10.0,40.9,17.65,99.0,9,0,0,Baixo
394,2026-05-25 10:00:00,17.8,86,0.1,Guarulhos,10.1,34.2,17.537499999999998,99.0,10,0,1,Baixo
395,2026-05-25 11:00:00,19.0,82,0.0,Guarulhos,10.1,34.0,17.391666666666666,99.0,11,0,0,Baixo
396,2026-05-25 12:00:00,20.4,77,0.0,Guarulhos,10.0,34.0,17.275,99.0,12,0,0,Baixo
397,2026-05-25 13:00:00,22.0,70,0.0,Guarulhos,9.899999999999999,33.900000000000006,17.2,99.0,13,0,0,Baixo
398,2026-05-25 14:00:00,22.1,70,0.1,Guarulhos,5.4,33.8,17.329166666666666,99.0,14,0,1,Baixo
399,2026-05-25 15:00:00,21.5,73,0.3,Guarulhos,5.2,33.1,17.391666666666666,99.0,15,0,1,Baixo
400,2026-05-25 16:00:00,21.6,73,0.2,Guarulhos,5.4,33.099999999999994,17.45,99.0,16,0,1,Baixo
401,2026-05-25 17:00:00,20.8,80,0.2,Guarulhos,5.5,32.7,17.5,99.0,17,0,1,Baixo
402,2026-05-25 18:00:00,18.8,89,0.1,Guarulhos,4.6000000000000005,30.999999999999996,17.508333333333333,99.0,18,0,1,Baixo
403,2026-05-25 19:00:00,17.1,95,0.0,Guarulhos,4.4,29.499999999999996,17.475,99.0,19,0,0,Baixo
404,2026-05-25 20:00:00,16.5,97,0.0,Guarulhos,4.4,27.9,17.433333333333334,99.0,20,0,0,Baixo
405,2026-05-25 21:00:00,16.6,97,0.0,Guarulhos,4.0,22.4,17.4375,99.0,21,0,0,Baixo
406,2026-05-25 22:00:00,16.6,96,0.0,Guarulhos,1.1,19.499999999999996,17.429166666666667,99.0,22,0,0,Baixo
407,2026-05-25 23:00:00,16.4,97,0.0,Guarulhos,1.1,13.1,17.425,99.0,23,0,0,Baixo
408,2026-05-26 00:00:00,16.2,98,0.0,Guarulhos,1.1,12.9,17.4375,99.0,0,1,0,Baixo
409,2026-05-26 01:00:00,16.1,98,0.0,Guarulhos,1.1,12.5,17.48333333333333,98.0,1,1,0,Baixo
410,2026-05-26 02:00:00,16.1,98,0.0,Guarulhos,1.1,12.2,17.545833333333334,98.0,2,1,0,Baixo
411,2026-05-26 03:00:00,16.1,99,0.0,Guarulhos,0.9999999999999999,11.5,17.59583333333333,99.0,3,1,0,Baixo
412,2026-05-26 04:00:00,16.0,100,0.0,Guarulhos,1.0,11.5,17.641666666666666,100.0,4,1,0,Baixo
413,2026-05-26 05:00:00,15.9,100,0.0,Guarulhos,1.0,11.299999999999999,17.6875,100.0,5,1,0,Baixo
414,2026-05-26 06:00:00,16.0,99,0.0,Guarulhos,1.0,11.299999999999999,17.741666666666667,100.0,6,1,0,Baixo
415,2026-05-26 07:00:00,16.0,99,0.0,Guarulhos,1.0,11.2,17.795833333333334,100.0,7,1,0,Baixo
416,2026-05-26 08:00:00,16.5,97,0.0,Guarulhos,1.0,11.1,17.854166666666668,100.0,8,1,0,Baixo
417,2026-05-26 09:00:00,17.8,94,0.0,Guarulhos,1.0,11.0,17.9125,100.0,9,1,0,Baixo
418,2026-05-26 10:00:00,19.7,83,0.2,Guarulhos,1.0999999999999999,11.2,17.991666666666667,100.0,10,1,1,Baixo
419,2026-05-26 11:00:00,21.7,76,0.0,Guarulhos,1.0999999999999999,11.2,18.104166666666668,100.0,11,1,0,Baixo
420,2026-05-26 12:00:00,24.0,65,0.1,Guarulhos,1.2,11.200000000000001,18.254166666666666,100.0,12,1,1,Baixo
421,2026-05-26 13:00:00,24.5,58,0.5,Guarulhos,1.7,11.6,18.358333333333334,100.0,13,1,1,Baixo
422,2026-05-26 14:00:00,23.3,66,0.2,Guarulhos,1.8,7.2,18.408333333333335,100.0,14,1,1,Baixo
423,2026-05-26 15:00:00,25.3,53,1.0,Guarulhos,2.5,7.7,18.566666666666666,100.0,15,1,1,Baixo
424,2026-05-26 16:00:00,24.4,60,0.0,Guarulhos,2.3,7.7,18.683333333333334,100.0,16,1,0,Baixo
425,2026-05-26 17:00:00,22.9,69,0.0,Guarulhos,2.1,7.6000000000000005,18.770833333333332,100.0,17,1,0,Baixo
426,2026-05-26 18:00:00,21.1,77,0.0,Guarulhos,2.0,6.6,18.866666666666667,100.0,18,1,0,Baixo
427,2026-05-26 19:00:00,20.4,81,0.0,Guarulhos,2.0,6.4,19.004166666666666,100.0,19,1,0,Baixo
428,2026-05-26 20:00:00,19.6,86,0.0,Guarulhos,2.0,6.4,19.133333333333333,100.0,20,1,0,Baixo
429,2026-05-26 21:00:00,19.1,88,0.0,Guarulhos,2.0,6.0,19.2375,100.0,21,1,0,Baixo
430,2026-05-26 22:00:00,18.3,90,0.0,Guarulhos,2.0,3.1,19.308333333333334,100.0,22,1,0,Baixo
431,2026-05-26 23:00:00,18.0,89,0.0,Guarulhos,2.0,3.1,19.375,100.0,23,1,0,Baixo
432,2026-05-27 00:00:00,17.2,91,0.0,Guarulhos,2.0,3.1,19.416666666666668,100.0,0,2,0,Baixo
433,2026-05-27 01:00:00,16.6,93,0.0,Guarulhos,2.0,3.1,19.4375,100.0,1,2,0,Baixo
434,2026-05-27 02:00:00,16.2,94,0.0,Guarulhos,2.0,3.1,19.441666666666666,100.0,2,2,0,Baixo
435,2026-05-27 03:00:00,16.5,93,0.0,Guarulhos,2.0,3.0,19.458333333333332,100.0,3,2,0,Baixo
436,2026-05-27 04:00:00,16.1,94,0.0,Guarulhos,2.0,3.0,19.4625,100.0,4,2,0,Baixo
437,2026-05-27 05:00:00,15.9,95,0.0,Guarulhos,2.0,3.0,19.462500000000002,99.0,5,2,0,Baixo
438,2026-05-27 06:00:00,15.3,97,0.0,Guarulhos,2.0,3.0,19.433333333333334,99.0,6,2,0,Baixo
439,2026-05-27 07:00:00,14.9,100,0.0,Guarulhos,2.0,3.0,19.3875,100.0,7,2,0,Baixo
440,2026-05-27 08:00:00,16.8,98,0.0,Guarulhos,2.0,3.0,19.400000000000002,100.0,8,2,0,Baixo
441,2026-05-27 09:00:00,19.0,91,0.0,Guarulhos,2.0,3.0,19.45,100.0,9,2,0,Baixo
442,2026-05-27 10:00:00,20.2,84,0.2,Guarulhos,2.0,3.1,19.470833333333335,100.0,10,2,1,Baixo
443,2026-05-27 11:00:00,21.1,80,0.1,Guarulhos,2.1,3.1999999999999997,19.445833333333333,100.0,11,2,1,Baixo
444,2026-05-27 12:00:00,22.5,71,0.1,Guarulhos,2.1,3.3,19.383333333333333,100.0,12,2,1,Baixo
445,2026-05-27 13:00:00,22.0,72,0.3,Guarulhos,1.9,3.6,19.279166666666665,100.0,13,2,1,Baixo
446,2026-05-27 14:00:00,20.3,80,1.1,Guarulhos,2.8,4.6000000000000005,19.154166666666665,100.0,14,2,1,Baixo
447,2026-05-27 15:00:00,19.8,80,0.5,Guarulhos,2.3,4.800000000000001,18.925,100.0,15,2,1,Baixo
448,2026-05-27 16:00:00,18.6,84,0.1,Guarulhos,2.4,4.7,18.683333333333334,100.0,16,2,1,Baixo
449,2026-05-27 17:00:00,17.1,88,0.1,Guarulhos,2.5,4.6000000000000005,18.441666666666666,100.0,17,2,1,Baixo
450,2026-05-27 18:00:00,16.3,90,0.0,Guarulhos,2.5,4.500000000000001,18.241666666666667,100.0,18,2,0,Baixo
451,2026-05-27 19:00:00,15.8,91,0.0,Guarulhos,2.5,4.500000000000001,18.05,100.0,19,2,0,Baixo
452,2026-05-27 20:00:00,15.5,90,0.0,Guarulhos,2.5,4.500000000000001,17.879166666666666,100.0,20,2,0,Baixo
453,2026-05-27 21:00:00,15.5,90,0.0,Guarulhos,2.5,4.500000000000001,17.729166666666668,100.0,21,2,0,Baixo
454,2026-05-27 22:00:00,14.7,92,0.0,Guarulhos,2.5,4.500000000000001,17.57916666666667,100.0,22,2,0,Baixo
455,2026-05-27 23:00:00,14.1,94,0.0,Guarulhos,2.5,4.500000000000001,17.416666666666668,100.0,23,2,0,Baixo
456,2026-05-28 00:00:00,13.8,95,0.0,Guarulhos,2.5,4.500000000000001,17.275,100.0,0,3,0,Baixo
457,2026-05-28 01:00:00,14.1,91,0.0,Guarulhos,2.5,4.500000000000001,17.170833333333334,100.0,1,3,0,Baixo
458,2026-05-28 02:00:00,13.8,93,0.0,Guarulhos,2.5,4.500000000000001,17.070833333333333,100.0,2,3,0,Baixo
459,2026-05-28 03:00:00,13.1,97,0.0,Guarulhos,2.5,4.500000000000001,16.929166666666667,100.0,3,3,0,Baixo
460,2026-05-28 04:00:00,12.1,98,0.0,Guarulhos,2.5,4.500000000000001,16.7625,100.0,4,3,0,Baixo
461,2026-05-28 05:00:00,11.6,100,0.0,Guarulhos,2.5,4.500000000000001,16.583333333333332,100.0,5,3,0,Baixo
462,2026-05-28 06:00:00,11.2,100,0.0,Guarulhos,2.5,4.500000000000001,16.4125,100.0,6,3,0,Baixo
463,2026-05-28 07:00:00,11.3,100,0.0,Guarulhos,2.5,4.500000000000001,16.2625,100.0,7,3,0,Baixo
464,2026-05-28 08:00:00,11.6,98,0.0,Guarulhos,2.5,4.500000000000001,16.04583333333333,100.0,8,3,0,Baixo
465,2026-05-28 09:00:00,13.8,89,0.0,Guarulhos,2.5,4.500000000000001,15.829166666666666,100.0,9,3,0,Baixo
466,2026-05-28 10:00:00,15.1,81,0.0,Guarulhos,2.3,4.300000000000001,15.616666666666667,100.0,10,3,0,Baixo
467,2026-05-28 11:00:00,16.2,73,0.0,Guarulhos,2.2,4.300000000000001,15.412500000000001,100.0,11,3,0,Baixo
468,2026-05-28 12:00:00,17.9,65,0.0,Guarulhos,2.1,4.2,15.220833333333333,100.0,12,3,0,Baixo
469,2026-05-28 13:00:00,18.9,61,0.0,Guarulhos,1.8,3.7,15.091666666666669,100.0,13,3,0,Baixo
470,2026-05-28 14:00:00,19.5,56,0.0,Guarulhos,0.7,3.5,15.058333333333335,100.0,14,3,0,Baixo
471,2026-05-28 15:00:00,20.2,55,0.0,Guarulhos,0.2,2.5,15.075000000000001,100.0,15,3,0,Baixo
472,2026-05-28 16:00:00,19.7,58,0.0,Guarulhos,0.1,2.5,15.120833333333332,100.0,16,3,0,Baixo
473,2026-05-28 17:00:00,17.8,69,0.0,Guarulhos,0.0,2.5,15.15,100.0,17,3,0,Baixo
474,2026-05-28 18:00:00,15.6,86,0.0,Guarulhos,0.0,2.5,15.120833333333332,100.0,18,3,0,Baixo
475,2026-05-28 19:00:00,14.6,94,0.0,Guarulhos,0.0,2.5,15.070833333333333,100.0,19,3,0,Baixo
476,2026-05-28 20:00:00,14.0,96,0.0,Guarulhos,0.0,2.5,15.008333333333333,100.0,20,3,0,Baixo
477,2026-05-28 21:00:00,14.4,93,0.0,Guarulhos,0.0,2.5,14.962499999999999,100.0,21,3,0,Baixo
478,2026-05-28 22:00:00,13.8,95,0.0,Guarulhos,0.0,2.5,14.924999999999999,100.0,22,3,0,Baixo
479,2026-05-28 23:00:00,13.2,98,0.0,Guarulhos,0.0,2.5,14.887499999999998,100.0,23,3,0,Baixo
480,2026-05-29 00:00:00,13.4,98,0.0,Guarulhos,0.0,2.5,14.870833333333335,100.0,0,4,0,Baixo
481,2026-05-29 01:00:00,13.6,96,0.0,Guarulhos,0.0,2.5,14.85,100.0,1,4,0,Baixo
482,2026-05-29 02:00:00,13.8,92,0.0,Guarulhos,0.0,2.5,14.85,100.0,2,4,0,Baixo
483,2026-05-29 03:00:00,13.3,93,0.0,Guarulhos,0.0,2.5,14.858333333333334,100.0,3,4,0,Baixo
484,2026-05-29 04:00:00,13.0,93,0.0,Guarulhos,0.0,2.5,14.895833333333334,100.0,4,4,0,Baixo
485,2026-05-29 05:00:00,12.4,95,0.0,Guarulhos,0.0,2.5,14.929166666666665,100.0,5,4,0,Baixo
486,2026-05-29 06:00:00,11.8,99,0.0,Guarulhos,0.0,2.5,14.954166666666666,100.0,6,4,0,Baixo
487,2026-05-29 07:00:00,11.6,100,0.0,Guarulhos,0.0,2.5,14.966666666666667,100.0,7,4,0,Baixo
488,2026-05-29 08:00:00,12.2,97,0.0,Guarulhos,0.0,2.5,14.991666666666667,100.0,8,4,0,Baixo
489,2026-05-29 09:00:00,14.0,94,0.0,Guarulhos,0.0,2.5,15.0,100.0,9,4,0,Baixo
490,2026-05-29 10:00:00,15.6,84,0.1,Guarulhos,0.1,2.4,15.020833333333334,100.0,10,4,1,Baixo
491,2026-05-29 11:00:00,17.4,73,0.1,Guarulhos,0.2,2.4000000000000004,15.070833333333333,100.0,11,4,1,Baixo
492,2026-05-29 12:00:00,18.5,68,0.0,Guarulhos,0.2,2.3000000000000003,15.095833333333333,100.0,12,4,0,Baixo
493,2026-05-29 13:00:00,19.2,65,0.0,Guarulhos,0.2,2.0,15.108333333333333,100.0,13,4,0,Baixo
494,2026-05-29 14:00:00,20.2,59,0.0,Guarulhos,0.2,0.9,15.137499999999998,100.0,14,4,0,Baixo
495,2026-05-29 15:00:00,20.6,57,0.0,Guarulhos,0.2,0.4,15.154166666666667,100.0,15,4,0,Baixo
496,2026-05-29 16:00:00,19.6,62,0.0,Guarulhos,0.2,0.30000000000000004,15.15,100.0,16,4,0,Baixo
497,2026-05-29 17:00:00,17.4,79,0.0,Guarulhos,0.2,0.2,15.133333333333333,100.0,17,4,0,Baixo
498,2026-05-29 18:00:00,15.6,89,0.0,Guarulhos,0.2,0.2,15.133333333333335,100.0,18,4,0,Baixo
499,2026-05-29 19:00:00,14.9,93,0.0,Guarulhos,0.2,0.2,15.145833333333334,100.0,19,4,0,Baixo
500,2026-05-29 20:00:00,14.4,95,0.0,Guarulhos,0.2,0.2,15.1625,100.0,20,4,0,Baixo
501,2026-05-29 21:00:00,15.1,91,0.0,Guarulhos,0.2,0.2,15.191666666666668,100.0,21,4,0,Baixo
502,2026-05-29 22:00:00,15.1,91,0.0,Guarulhos,0.2,0.2,15.245833333333335,100.0,22,4,0,Baixo
503,2026-05-29 23:00:00,14.9,93,0.0,Guarulhos,0.2,0.2,15.316666666666668,100.0,23,4,0,Baixo
504,2026-05-30 00:00:00,14.3,97,0.0,Guarulhos,0.2,0.2,15.354166666666666,100.0,0,5,0,Baixo
505,2026-05-30 01:00:00,14.4,96,0.0,Guarulhos,0.2,0.2,15.387500000000001,100.0,1,5,0,Baixo
506,2026-05-30 02:00:00,14.6,94,0.0,Guarulhos,0.2,0.2,15.420833333333334,100.0,2,5,0,Baixo
507,2026-05-30 03:00:00,14.8,92,0.0,Guarulhos,0.2,0.2,15.483333333333334,100.0,3,5,0,Baixo
508,2026-05-30 04:00:00,14.7,93,0.0,Guarulhos,0.2,0.2,15.554166666666667,100.0,4,5,0,Baixo
509,2026-05-30 05:00:00,14.6,94,0.0,Guarulhos,0.2,0.2,15.645833333333334,100.0,5,5,0,Baixo
510,2026-05-30 06:00:00,14.3,95,0.0,Guarulhos,0.2,0.2,15.75,100.0,6,5,0,Baixo
511,2026-05-30 07:00:00,14.4,95,0.0,Guarulhos,0.2,0.2,15.866666666666667,97.0,7,5,0,Baixo
512,2026-05-30 08:00:00,14.9,93,0.0,Guarulhos,0.2,0.2,15.979166666666666,97.0,8,5,0,Baixo
513,2026-05-30 09:00:00,15.8,89,0.0,Guarulhos,0.2,0.2,16.054166666666667,97.0,9,5,0,Baixo
514,2026-05-30 10:00:00,17.0,84,0.0,Guarulhos,0.1,0.2,16.1125,97.0,10,5,0,Baixo
515,2026-05-30 11:00:00,18.8,78,0.0,Guarulhos,0.0,0.2,16.170833333333334,97.0,11,5,0,Baixo
516,2026-05-30 12:00:00,19.9,73,0.0,Guarulhos,0.0,0.2,16.229166666666668,97.0,12,5,0,Baixo
517,2026-05-30 13:00:00,21.5,68,0.1,Guarulhos,0.1,0.30000000000000004,16.325,97.0,13,5,1,Baixo
518,2026-05-30 14:00:00,21.6,66,0.0,Guarulhos,0.1,0.30000000000000004,16.383333333333336,97.0,14,5,0,Baixo
519,2026-05-30 15:00:00,21.7,65,0.0,Guarulhos,0.1,0.30000000000000004,16.429166666666667,97.0,15,5,0,Baixo
520,2026-05-30 16:00:00,21.4,64,0.0,Guarulhos,0.1,0.30000000000000004,16.504166666666666,97.0,16,5,0,Baixo
521,2026-05-30 17:00:00,20.2,72,0.0,Guarulhos,0.1,0.30000000000000004,16.620833333333334,97.0,17,5,0,Baixo
522,2026-05-30 18:00:00,18.9,78,0.0,Guarulhos,0.1,0.30000000000000004,16.758333333333333,97.0,18,5,0,Baixo
523,2026-05-30 19:00:00,17.7,84,0.0,Guarulhos,0.1,0.30000000000000004,16.875,97.0,19,5,0,Baixo
524,2026-05-30 20:00:00,16.5,94,0.0,Guarulhos,0.1,0.30000000000000004,16.962500000000002,97.0,20,5,0,Baixo
525,2026-05-30 21:00:00,15.7,97,0.0,Guarulhos,0.1,0.30000000000000004,16.9875,97.0,21,5,0,Baixo
526,2026-05-30 22:00:00,15.7,97,0.0,Guarulhos,0.1,0.30000000000000004,17.0125,97.0,22,5,0,Baixo
527,2026-05-30 23:00:00,15.9,95,0.0,Guarulhos,0.1,0.30000000000000004,17.054166666666667,97.0,23,5,0,Baixo
528,2026-05-31 00:00:00,15.9,93,0.0,Guarulhos,0.1,0.30000000000000004,17.120833333333334,97.0,0,6,0,Baixo
529,2026-05-31 01:00:00,15.1,97,0.0,Guarulhos,0.1,0.30000000000000004,17.150000000000002,97.0,1,6,0,Baixo
530,2026-05-31 02:00:00,15.0,97,0.0,Guarulhos,0.1,0.30000000000000004,17.166666666666668,97.0,2,6,0,Baixo
531,2026-05-31 03:00:00,14.9,97,0.0,Guarulhos,0.1,0.30000000000000004,17.17083333333333,97.0,3,6,0,Baixo
532,2026-05-31 04:00:00,14.6,95,0.0,Guarulhos,0.1,0.30000000000000004,17.166666666666668,97.0,4,6,0,Baixo
533,2026-05-31 05:00:00,14.6,94,0.0,Guarulhos,0.1,0.30000000000000004,17.166666666666668,97.0,5,6,0,Baixo
534,2026-05-31 06:00:00,14.6,93,0.0,Guarulhos,0.1,0.30000000000000004,17.179166666666667,97.0,6,6,0,Baixo
535,2026-05-31 07:00:00,14.5,93,0.0,Guarulhos,0.1,0.30000000000000004,17.183333333333334,97.0,7,6,0,Baixo
536,2026-05-31 08:00:00,15.1,89,0.0,Guarulhos,0.1,0.30000000000000004,17.191666666666666,97.0,8,6,0,Baixo
537,2026-05-31 09:00:00,16.0,83,0.0,Guarulhos,0.1,0.30000000000000004,17.2,97.0,9,6,0,Baixo
538,2026-05-31 10:00:00,17.0,77,0.0,Guarulhos,0.1,0.2,17.2,97.0,10,6,0,Baixo
539,2026-05-31 11:00:00,18.2,71,0.0,Guarulhos,0.1,0.1,17.175,97.0,11,6,0,Baixo
540,2026-05-31 12:00:00,19.4,65,0.0,Guarulhos,0.1,0.1,17.154166666666665,97.0,12,6,0,Baixo
541,2026-05-31 13:00:00,19.5,64,0.0,Guarulhos,0.0,0.1,17.070833333333333,97.0,13,6,0,Baixo
542,2026-05-31 14:00:00,19.9,64,0.0,Guarulhos,0.0,0.1,17.0,97.0,14,6,0,Baixo
543,2026-05-31 15:00:00,19.8,62,0.0,Guarulhos,0.0,0.1,16.92083333333333,97.0,15,6,0,Baixo
544,2026-05-31 16:00:00,19.5,61,0.0,Guarulhos,0.0,0.1,16.841666666666665,97.0,16,6,0,Baixo
545,2026-05-31 17:00:00,18.8,70,0.0,Guarulhos,0.0,0.1,16.783333333333335,97.0,17,6,0,Baixo
546,2026-05-31 18:00:00,17.1,77,0.0,Guarulhos,0.0,0.1,16.708333333333332,97.0,18,6,0,Baixo
547,2026-05-31 19:00:00,15.6,92,0.0,Guarulhos,0.0,0.1,16.620833333333334,97.0,19,6,0,Baixo
548,2026-05-31 20:00:00,14.6,97,0.0,Guarulhos,0.0,0.1,16.541666666666668,97.0,20,6,0,Baixo
549,2026-05-31 21:00:00,14.4,98,0.0,Guarulhos,0.0,0.1,16.4875,98.0,21,6,0,Baixo
550,2026-05-31 22:00:00,14.2,98,0.0,Guarulhos,0.0,0.1,16.425,98.0,22,6,0,Baixo
551,2026-05-31 23:00:00,14.2,96,0.0,Guarulhos,0.0,0.1,16.354166666666668,98.0,23,6,0,Baixo
552,2026-06-01 00:00:00,14.2,95,0.0,Guarulhos,0.0,0.1,16.283333333333335,98.0,0,0,0,Baixo
553,2026-06-01 01:00:00,13.9,96,0.0,Guarulhos,0.0,0.1,16.23333333333333,98.0,1,0,0,Baixo
554,2026-06-01 02:00:00,13.6,97,0.0,Guarulhos,0.0,0.1,16.175,98.0,2,0,0,Baixo
555,2026-06-01 03:00:00,13.4,97,0.0,Guarulhos,0.0,0.1,16.1125,98.0,3,0,0,Baixo
556,2026-06-01 04:00:00,13.2,96,0.0,Guarulhos,0.0,0.1,16.054166666666664,98.0,4,0,0,Baixo
557,2026-06-01 05:00:00,13.1,96,0.0,Guarulhos,0.0,0.1,15.991666666666667,98.0,5,0,0,Baixo
558,2026-06-01 06:00:00,12.8,96,0.0,Guarulhos,0.0,0.1,15.916666666666666,98.0,6,0,0,Baixo
559,2026-06-01 07:00:00,12.7,96,0.0,Guarulhos,0.0,0.1,15.841666666666667,98.0,7,0,0,Baixo
560,2026-06-01 08:00:00,13.2,93,0.0,Guarulhos,0.0,0.1,15.762499999999998,98.0,8,0,0,Baixo
561,2026-06-01 09:00:00,14.7,85,0.0,Guarulhos,0.0,0.1,15.70833333333333,98.0,9,0,0,Baixo
562,2026-06-01 10:00:00,16.2,81,0.0,Guarulhos,0.0,0.1,15.674999999999999,98.0,10,0,0,Baixo
563,2026-06-01 11:00:00,17.9,75,0.0,Guarulhos,0.0,0.1,15.6625,98.0,11,0,0,Baixo
564,2026-06-01 12:00:00,19.4,69,0.0,Guarulhos,0.0,0.1,15.6625,98.0,12,0,0,Baixo
565,2026-06-01 13:00:00,20.5,64,0.0,Guarulhos,0.0,0.0,15.704166666666666,98.0,13,0,0,Baixo
566,2026-06-01 14:00:00,21.3,59,0.0,Guarulhos,0.0,0.0,15.762500000000001,98.0,14,0,0,Baixo
567,2026-06-01 15:00:00,21.4,56,0.0,Guarulhos,0.0,0.0,15.829166666666667,98.0,15,0,0,Baixo
568,2026-06-01 16:00:00,20.5,54,0.0,Guarulhos,0.0,0.0,15.870833333333335,98.0,16,0,0,Baixo
569,2026-06-01 17:00:00,17.9,69,0.0,Guarulhos,0.0,0.0,15.833333333333334,98.0,17,0,0,Baixo
570,2026-06-01 18:00:00,15.4,87,0.0,Guarulhos,0.0,0.0,15.762499999999998,98.0,18,0,0,Baixo
571,2026-06-01 19:00:00,14.5,90,0.0,Guarulhos,0.0,0.0,15.716666666666667,98.0,19,0,0,Baixo
572,2026-06-01 20:00:00,13.7,90,0.0,Guarulhos,0.0,0.0,15.679166666666667,98.0,20,0,0,Baixo
573,2026-06-01 21:00:00,13.1,91,0.0,Guarulhos,0.0,0.0,15.625,98.0,21,0,0,Baixo
574,2026-06-01 22:00:00,12.7,92,0.0,Guarulhos,0.0,0.0,15.562499999999998,97.0,22,0,0,Baixo
575,2026-06-01 23:00:00,12.2,95,0.0,Guarulhos,0.0,0.0,15.479166666666666,97.0,23,0,0,Baixo
576,2026-06-02 00:00:00,12.0,98,0.0,Guarulhos,0.0,0.0,15.387499999999998,98.0,0,1,0,Baixo
577,2026-06-02 01:00:00,11.7,99,0.0,Guarulhos,0.0,0.0,15.295833333333334,99.0,1,1,0,Baixo
578,2026-06-02 02:00:00,11.4,100,0.0,Guarulhos,0.0,0.0,15.204166666666666,100.0,2,1,0,Baixo
579,2026-06-02 03:00:00,11.6,95,0.0,Guarulhos,0.0,0.0,15.129166666666668,100.0,3,1,0,Baixo
580,2026-06-02 04:00:00,11.5,95,0.0,Guarulhos,0.0,0.0,15.058333333333332,100.0,4,1,0,Baixo
581,2026-06-02 05:00:00,11.2,95,0.0,Guarulhos,0.0,0.0,14.979166666666666,100.0,5,1,0,Baixo
582,2026-06-02 06:00:00,11.0,96,0.0,Guarulhos,0.0,0.0,14.904166666666667,100.0,6,1,0,Baixo
583,2026-06-02 07:00:00,11.2,95,0.0,Guarulhos,0.0,0.0,14.841666666666667,100.0,7,1,0,Baixo
584,2026-06-02 08:00:00,11.4,97,0.0,Guarulhos,0.0,0.0,14.766666666666666,100.0,8,1,0,Baixo
585,2026-06-02 09:00:00,11.9,99,0.0,Guarulhos,0.0,0.0,14.65,100.0,9,1,0,Baixo
586,2026-06-02 10:00:00,14.3,86,0.0,Guarulhos,0.0,0.0,14.570833333333333,100.0,10,1,0,Baixo
587,2026-06-02 11:00:00,16.5,73,0.1,Guarulhos,0.1,0.1,14.512500000000001,100.0,11,1,1,Baixo
588,2026-06-02 12:00:00,18.2,62,0.0,Guarulhos,0.1,0.1,14.4625,100.0,12,1,0,Baixo
589,2026-06-02 13:00:00,18.8,59,0.0,Guarulhos,0.1,0.1,14.391666666666667,100.0,13,1,0,Baixo
590,2026-06-02 14:00:00,19.2,56,0.0,Guarulhos,0.1,0.1,14.304166666666667,100.0,14,1,0,Baixo
591,2026-06-02 15:00:00,18.5,61,0.1,Guarulhos,0.2,0.2,14.183333333333332,100.0,15,1,1,Baixo
592,2026-06-02 16:00:00,17.4,71,0.0,Guarulhos,0.2,0.2,14.054166666666665,100.0,16,1,0,Baixo
593,2026-06-02 17:00:00,15.9,81,0.0,Guarulhos,0.2,0.2,13.970833333333333,100.0,17,1,0,Baixo
594,2026-06-02 18:00:00,14.6,88,0.0,Guarulhos,0.2,0.2,13.9375,100.0,18,1,0,Baixo
595,2026-06-02 19:00:00,14.2,89,0.0,Guarulhos,0.2,0.2,13.924999999999999,100.0,19,1,0,Baixo
596,2026-06-02 20:00:00,14.1,89,0.0,Guarulhos,0.2,0.2,13.941666666666665,100.0,20,1,0,Baixo
597,2026-06-02 21:00:00,13.6,92,0.0,Guarulhos,0.2,0.2,13.9625,100.0,21,1,0,Baixo
598,2026-06-02 22:00:00,13.1,95,0.0,Guarulhos,0.2,0.2,13.979166666666666,100.0,22,1,0,Baixo
599,2026-06-02 23:00:00,12.9,95,0.0,Guarulhos,0.2,0.2,14.008333333333333,100.0,23,1,0,Baixo
600,2026-06-03 00:00:00,12.8,96,0.0,Guarulhos,0.2,0.2,14.041666666666666,100.0,0,2,0,Baixo
601,2026-06-03 01:00:00,12.7,96,0.0,Guarulhos,0.2,0.2,14.083333333333334,100.0,1,2,0,Baixo
602,2026-06-03 02:00:00,12.7,95,0.0,Guarulhos,0.2,0.2,14.137500000000001,99.0,2,2,0,Baixo
603,2026-06-03 03:00:00,12.6,95,0.0,Guarulhos,0.2,0.2,14.179166666666665,99.0,3,2,0,Baixo
604,2026-06-03 04:00:00,12.4,95,0.0,Guarulhos,0.2,0.2,14.216666666666667,99.0,4,2,0,Baixo
605,2026-06-03 05:00:00,12.4,95,0.0,Guarulhos,0.2,0.2,14.266666666666666,99.0,5,2,0,Baixo
606,2026-06-03 06:00:00,12.4,94,0.0,Guarulhos,0.2,0.2,14.325000000000001,99.0,6,2,0,Baixo
607,2026-06-03 07:00:00,12.6,93,0.0,Guarulhos,0.2,0.2,14.383333333333333,99.0,7,2,0,Baixo
608,2026-06-03 08:00:00,13.1,91,0.0,Guarulhos,0.2,0.2,14.454166666666667,99.0,8,2,0,Baixo
609,2026-06-03 09:00:00,13.7,87,0.0,Guarulhos,0.2,0.2,14.529166666666667,96.0,9,2,0,Baixo
610,2026-06-03 10:00:00,14.9,80,0.0,Guarulhos,0.2,0.2,14.554166666666665,96.0,10,2,0,Baixo
611,2026-06-03 11:00:00,16.3,71,0.0,Guarulhos,0.1,0.2,14.545833333333333,96.0,11,2,0,Baixo
612,2026-06-03 12:00:00,17.5,65,0.0,Guarulhos,0.1,0.2,14.516666666666666,96.0,12,2,0,Baixo
613,2026-06-03 13:00:00,18.4,59,0.0,Guarulhos,0.1,0.2,14.5,96.0,13,2,0,Baixo
614,2026-06-03 14:00:00,19.0,55,0.0,Guarulhos,0.1,0.2,14.491666666666667,96.0,14,2,0,Baixo
615,2026-06-03 15:00:00,19.0,54,0.0,Guarulhos,0.0,0.2,14.512500000000001,96.0,15,2,0,Baixo
616,2026-06-03 16:00:00,17.8,61,0.0,Guarulhos,0.0,0.2,14.529166666666667,96.0,16,2,0,Baixo
617,2026-06-03 17:00:00,15.9,74,0.0,Guarulhos,0.0,0.2,14.529166666666667,96.0,17,2,0,Baixo
618,2026-06-03 18:00:00,14.4,87,0.0,Guarulhos,0.0,0.2,14.520833333333334,96.0,18,2,0,Baixo
619,2026-06-03 19:00:00,13.8,92,0.0,Guarulhos,0.0,0.2,14.504166666666668,96.0,19,2,0,Baixo
620,2026-06-03 20:00:00,13.4,94,0.0,Guarulhos,0.0,0.2,14.475,96.0,20,2,0,Baixo
621,2026-06-03 21:00:00,13.3,95,0.0,Guarulhos,0.0,0.2,14.462499999999999,96.0,21,2,0,Baixo
622,2026-06-03 22:00:00,13.2,95,0.0,Guarulhos,0.0,0.2,14.466666666666667,96.0,22,2,0,Baixo
623,2026-06-03 23:00:00,13.3,95,0.0,Guarulhos,0.0,0.2,14.483333333333333,96.0,23,2,0,Baixo
624,2026-06-04 00:00:00,13.4,94,0.0,Guarulhos,0.0,0.2,14.508333333333335,96.0,0,3,0,Baixo
625,2026-06-04 01:00:00,13.3,95,0.0,Guarulhos,0.0,0.2,14.533333333333331,95.0,1,3,0,Baixo
626,2026-06-04 02:00:00,13.2,96,0.0,Guarulhos,0.0,0.2,14.554166666666667,96.0,2,3,0,Baixo
627,2026-06-04 03:00:00,13.1,97,0.0,Guarulhos,0.0,0.2,14.575000000000001,97.0,3,3,0,Baixo
628,2026-06-04 04:00:00,13.1,98,0.0,Guarulhos,0.0,0.2,14.604166666666666,98.0,4,3,0,Baixo
629,2026-06-04 05:00:00,13.2,98,0.0,Guarulhos,0.0,0.2,14.637500000000001,98.0,5,3,0,Baixo
630,2026-06-04 06:00:00,13.4,96,0.0,Guarulhos,0.0,0.2,14.679166666666665,98.0,6,3,0,Baixo
631,2026-06-04 07:00:00,13.9,93,0.0,Guarulhos,0.0,0.2,14.733333333333334,98.0,7,3,0,Baixo
632,2026-06-04 08:00:00,14.4,88,0.0,Guarulhos,0.0,0.2,14.7875,98.0,8,3,0,Baixo
633,2026-06-04 09:00:00,15.2,83,0.0,Guarulhos,0.0,0.2,14.85,98.0,9,3,0,Baixo
634,2026-06-04 10:00:00,16.2,76,0.0,Guarulhos,0.0,0.2,14.904166666666669,98.0,10,3,0,Baixo
635,2026-06-04 11:00:00,17.5,68,0.0,Guarulhos,0.0,0.1,14.954166666666667,98.0,11,3,0,Baixo
636,2026-06-04 12:00:00,18.3,63,0.0,Guarulhos,0.0,0.1,14.987499999999999,98.0,12,3,0,Baixo
637,2026-06-04 13:00:00,18.5,61,0.0,Guarulhos,0.0,0.1,14.991666666666665,98.0,13,3,0,Baixo
638,2026-06-04 14:00:00,18.4,62,0.0,Guarulhos,0.0,0.1,14.966666666666667,98.0,14,3,0,Baixo
639,2026-06-04 15:00:00,17.9,63,0.0,Guarulhos,0.0,0.0,14.920833333333333,98.0,15,3,0,Baixo
640,2026-06-04 16:00:00,16.9,67,0.0,Guarulhos,0.0,0.0,14.883333333333335,98.0,16,3,0,Baixo
641,2026-06-04 17:00:00,15.4,74,0.0,Guarulhos,0.0,0.0,14.862499999999999,98.0,17,3,0,Baixo
642,2026-06-04 18:00:00,14.2,79,0.0,Guarulhos,0.0,0.0,14.854166666666666,98.0,18,3,0,Baixo
643,2026-06-04 19:00:00,13.6,84,0.0,Guarulhos,0.0,0.0,14.845833333333333,98.0,19,3,0,Baixo
644,2026-06-04 20:00:00,13.3,89,0.0,Guarulhos,0.0,0.0,14.841666666666669,98.0,20,3,0,Baixo
645,2026-06-04 21:00:00,12.9,92,0.0,Guarulhos,0.0,0.0,14.825000000000001,98.0,21,3,0,Baixo
646,2026-06-04 22:00:00,12.6,94,0.0,Guarulhos,0.0,0.0,14.800000000000002,98.0,22,3,0,Baixo
647,2026-06-04 23:00:00,12.2,95,0.0,Guarulhos,0.0,0.0,14.754166666666668,98.0,23,3,0,Baixo
648,2026-06-05 00:00:00,11.9,96,0.0,Guarulhos,0.0,0.0,14.691666666666665,98.0,0,4,0,Baixo
649,2026-06-05 01:00:00,11.6,98,0.0,Guarulhos,0.0,0.0,14.620833333333332,98.0,1,4,0,Baixo
650,2026-06-05 02:00:00,11.2,99,0.0,Guarulhos,0.0,0.0,14.5375,99.0,2,4,0,Baixo
651,2026-06-05 03:00:00,11.0,100,0.0,Guarulhos,0.0,0.0,14.450000000000001,100.0,3,4,0,Baixo
652,2026-06-05 04:00:00,10.9,99,0.0,Guarulhos,0.0,0.0,14.358333333333333,100.0,4,4,0,Baixo
653,2026-06-05 05:00:00,10.9,99,0.0,Guarulhos,0.0,0.0,14.262500000000001,100.0,5,4,0,Baixo
654,2026-06-05 06:00:00,10.9,97,0.0,Guarulhos,0.0,0.0,14.158333333333333,100.0,6,4,0,Baixo
655,2026-06-05 07:00:00,11.2,96,0.0,Guarulhos,0.0,0.0,14.045833333333333,100.0,7,4,0,Baixo
656,2026-06-05 08:00:00,11.6,94,0.0,Guarulhos,0.0,0.0,13.929166666666667,100.0,8,4,0,Baixo
657,2026-06-05 09:00:00,12.1,91,0.0,Guarulhos,0.0,0.0,13.800000000000002,100.0,9,4,0,Baixo
658,2026-06-05 10:00:00,12.9,86,0.0,Guarulhos,0.0,0.0,13.6625,100.0,10,4,0,Baixo
659,2026-06-05 11:00:00,14.1,79,0.0,Guarulhos,0.0,0.0,13.520833333333334,100.0,11,4,0,Baixo
660,2026-06-05 12:00:00,15.4,72,0.0,Guarulhos,0.0,0.0,13.4,100.0,12,4,0,Baixo
661,2026-06-05 13:00:00,16.5,66,0.0,Guarulhos,0.0,0.0,13.316666666666668,100.0,13,4,0,Baixo
662,2026-06-05 14:00:00,17.4,63,0.0,Guarulhos,0.0,0.0,13.274999999999999,100.0,14,4,0,Baixo
663,2026-06-05 15:00:00,17.8,61,0.0,Guarulhos,0.0,0.0,13.270833333333334,100.0,15,4,0,Baixo
664,2026-06-05 16:00:00,17.4,63,0.0,Guarulhos,0.0,0.0,13.291666666666666,100.0,16,4,0,Baixo
665,2026-06-05 17:00:00,16.5,67,0.0,Guarulhos,0.0,0.0,13.3375,100.0,17,4,0,Baixo
666,2026-06-05 18:00:00,15.2,73,0.0,Guarulhos,0.0,0.0,13.379166666666668,100.0,18,4,0,Baixo
667,2026-06-05 19:00:00,13.9,80,0.0,Guarulhos,0.0,0.0,13.391666666666666,100.0,19,4,0,Baixo
668,2026-06-05 20:00:00,12.7,87,0.0,Guarulhos,0.0,0.0,13.366666666666665,100.0,20,4,0,Baixo
669,2026-06-05 21:00:00,11.8,93,0.0,Guarulhos,0.0,0.0,13.320833333333333,100.0,21,4,0,Baixo
670,2026-06-05 22:00:00,11.1,96,0.0,Guarulhos,0.0,0.0,13.258333333333333,100.0,22,4,0,Baixo
671,2026-06-05 23:00:00,10.4,98,0.0,Guarulhos,0.0,0.0,13.183333333333332,100.0,23,4,0,Baixo
672,2026-05-23 00:00:00,14.0,98,0.0,Santo_Andre,0.0,0.0,14.0,98.0,0,5,0,Baixo
673,2026-05-23 01:00:00,14.1,98,0.0,Santo_Andre,0.0,0.0,14.05,98.0,1,5,0,Baixo
674,2026-05-23 02:00:00,14.4,97,0.0,Santo_Andre,0.0,0.0,14.166666666666666,98.0,2,5,0,Baixo
675,2026-05-23 03:00:00,14.5,98,0.0,Santo_Andre,0.0,0.0,14.25,98.0,3,5,0,Baixo
676,2026-05-23 04:00:00,14.2,98,0.0,Santo_Andre,0.0,0.0,14.24,98.0,4,5,0,Baixo
677,2026-05-23 05:00:00,14.2,99,0.0,Santo_Andre,0.0,0.0,14.233333333333334,99.0,5,5,0,Baixo
678,2026-05-23 06:00:00,14.1,100,0.0,Santo_Andre,0.0,0.0,14.214285714285714,100.0,6,5,0,Baixo
679,2026-05-23 07:00:00,14.1,100,0.0,Santo_Andre,0.0,0.0,14.2,100.0,7,5,0,Baixo
680,2026-05-23 08:00:00,14.4,100,2.0,Santo_Andre,2.0,2.0,14.222222222222221,100.0,8,5,1,Baixo
681,2026-05-23 09:00:00,15.2,96,2.3,Santo_Andre,4.3,4.3,14.319999999999999,100.0,9,5,1,Baixo
682,2026-05-23 10:00:00,15.6,95,5.1,Santo_Andre,9.399999999999999,9.399999999999999,14.436363636363637,100.0,10,5,1,Baixo
683,2026-05-23 11:00:00,17.6,83,1.5,Santo_Andre,10.899999999999999,10.899999999999999,14.700000000000001,100.0,11,5,1,Baixo
684,2026-05-23 12:00:00,19.2,76,0.0,Santo_Andre,10.899999999999999,10.899999999999999,15.046153846153846,100.0,12,5,0,Baixo
685,2026-05-23 13:00:00,19.5,76,0.0,Santo_Andre,10.899999999999999,10.899999999999999,15.364285714285714,100.0,13,5,0,Baixo
686,2026-05-23 14:00:00,20.5,74,0.1,Santo_Andre,11.0,11.0,15.706666666666667,100.0,14,5,1,Baixo
687,2026-05-23 15:00:00,19.0,81,0.2,Santo_Andre,11.2,11.2,15.9125,100.0,15,5,1,Baixo
688,2026-05-23 16:00:00,17.5,92,0.8,Santo_Andre,12.0,12.0,16.00588235294118,100.0,16,5,1,Baixo
689,2026-05-23 17:00:00,16.0,97,0.6,Santo_Andre,12.6,12.6,16.005555555555556,100.0,17,5,1,Baixo
690,2026-05-23 18:00:00,15.1,98,0.2,Santo_Andre,12.799999999999999,12.799999999999999,15.957894736842105,100.0,18,5,1,Baixo
691,2026-05-23 19:00:00,14.9,98,0.2,Santo_Andre,13.0,13.0,15.905000000000001,100.0,19,5,1,Baixo
692,2026-05-23 20:00:00,14.6,98,0.9,Santo_Andre,13.9,13.9,15.842857142857142,100.0,20,5,1,Baixo
693,2026-05-23 21:00:00,15.7,98,9.0,Santo_Andre,22.9,22.9,15.836363636363636,100.0,21,5,1,Médio
694,2026-05-23 22:00:00,15.9,97,0.4,Santo_Andre,23.3,23.3,15.839130434782609,100.0,22,5,1,Médio
695,2026-05-23 23:00:00,15.6,99,0.6,Santo_Andre,23.9,23.9,15.829166666666666,100.0,23,5,1,Médio
696,2026-05-24 00:00:00,15.4,99,0.2,Santo_Andre,24.1,24.1,15.887500000000001,100.0,0,6,1,Médio
697,2026-05-24 01:00:00,15.4,99,0.3,Santo_Andre,24.4,24.4,15.941666666666665,100.0,1,6,1,Médio
698,2026-05-24 02:00:00,15.4,98,0.1,Santo_Andre,24.5,24.5,15.983333333333334,100.0,2,6,1,Médio
699,2026-05-24 03:00:00,16.3,99,1.0,Santo_Andre,25.5,25.5,16.058333333333334,100.0,3,6,1,Médio
700,2026-05-24 04:00:00,16.0,100,0.5,Santo_Andre,26.0,26.0,16.133333333333333,100.0,4,6,1,Médio
701,2026-05-24 05:00:00,15.6,99,0.8,Santo_Andre,26.8,26.8,16.191666666666666,100.0,5,6,1,Médio
702,2026-05-24 06:00:00,15.4,100,0.8,Santo_Andre,27.6,27.6,16.245833333333334,100.0,6,6,1,Médio
703,2026-05-24 07:00:00,15.6,99,0.5,Santo_Andre,28.1,28.1,16.308333333333334,100.0,7,6,1,Médio
704,2026-05-24 08:00:00,16.0,98,0.4,Santo_Andre,26.5,28.5,16.375,100.0,8,6,1,Médio
705,2026-05-24 09:00:00,17.8,93,0.4,Santo_Andre,24.6,28.900000000000002,16.483333333333334,100.0,9,6,1,Médio
706,2026-05-24 10:00:00,19.6,84,0.0,Santo_Andre,19.500000000000004,28.900000000000002,16.65,100.0,10,6,0,Baixo
707,2026-05-24 11:00:00,21.5,74,0.0,Santo_Andre,18.000000000000004,28.900000000000002,16.8125,100.0,11,6,0,Baixo
708,2026-05-24 12:00:00,22.4,72,0.1,Santo_Andre,18.1,29.0,16.945833333333333,100.0,12,6,1,Baixo
709,2026-05-24 13:00:00,23.2,69,0.2,Santo_Andre,18.3,29.2,17.099999999999998,100.0,13,6,1,Baixo
710,2026-05-24 14:00:00,19.4,83,3.9,Santo_Andre,22.1,33.1,17.054166666666664,100.0,14,6,1,Médio
711,2026-05-24 15:00:00,18.5,91,1.5,Santo_Andre,23.400000000000002,34.6,17.03333333333333,100.0,15,6,1,Médio
712,2026-05-24 16:00:00,18.9,90,0.1,Santo_Andre,22.7,34.7,17.091666666666665,100.0,16,6,1,Médio
713,2026-05-24 17:00:00,18.5,93,0.2,Santo_Andre,22.300000000000004,34.9,17.195833333333333,100.0,17,6,1,Médio
714,2026-05-24 18:00:00,17.8,98,0.3,Santo_Andre,22.4,35.2,17.308333333333334,100.0,18,6,1,Médio
715,2026-05-24 19:00:00,17.4,98,0.0,Santo_Andre,22.2,35.2,17.412499999999998,100.0,19,6,0,Médio
716,2026-05-24 20:00:00,17.0,98,0.1,Santo_Andre,21.400000000000002,35.3,17.5125,100.0,20,6,1,Médio
717,2026-05-24 21:00:00,16.9,95,0.2,Santo_Andre,12.6,35.5,17.5625,100.0,21,6,1,Baixo
718,2026-05-24 22:00:00,16.7,97,5.0,Santo_Andre,17.2,40.5,17.59583333333333,100.0,22,6,1,Baixo
719,2026-05-24 23:00:00,15.8,98,0.3,Santo_Andre,16.900000000000002,40.800000000000004,17.604166666666668,100.0,23,6,1,Baixo
720,2026-05-25 00:00:00,14.8,99,0.0,Santo_Andre,16.7,40.800000000000004,17.579166666666666,100.0,0,0,0,Baixo
721,2026-05-25 01:00:00,14.4,98,0.0,Santo_Andre,16.4,40.800000000000004,17.537499999999998,100.0,1,0,0,Baixo
722,2026-05-25 02:00:00,14.3,98,0.0,Santo_Andre,16.3,40.800000000000004,17.491666666666664,100.0,2,0,0,Baixo
723,2026-05-25 03:00:00,14.5,98,0.0,Santo_Andre,15.3,40.800000000000004,17.416666666666668,100.0,3,0,0,Baixo
724,2026-05-25 04:00:00,14.6,98,0.0,Santo_Andre,14.8,40.800000000000004,17.358333333333334,100.0,4,0,0,Baixo
725,2026-05-25 05:00:00,14.6,97,0.0,Santo_Andre,14.0,40.800000000000004,17.316666666666666,100.0,5,0,0,Baixo
726,2026-05-25 06:00:00,14.4,97,0.0,Santo_Andre,13.2,40.800000000000004,17.275000000000002,99.0,6,0,0,Baixo
727,2026-05-25 07:00:00,14.3,98,0.0,Santo_Andre,12.7,40.800000000000004,17.220833333333335,99.0,7,0,0,Baixo
728,2026-05-25 08:00:00,15.2,93,0.0,Santo_Andre,12.3,38.800000000000004,17.1875,99.0,8,0,0,Baixo
729,2026-05-25 09:00:00,16.6,87,0.0,Santo_Andre,11.9,36.50000000000001,17.1375,99.0,9,0,0,Baixo
730,2026-05-25 10:00:00,18.1,81,0.0,Santo_Andre,11.9,31.400000000000002,17.075,99.0,10,0,0,Baixo
731,2026-05-25 11:00:00,19.6,75,0.1,Santo_Andre,12.0,30.000000000000004,16.995833333333334,99.0,11,0,1,Baixo
732,2026-05-25 12:00:00,21.5,68,0.0,Santo_Andre,11.9,30.000000000000004,16.958333333333332,99.0,12,0,0,Baixo
733,2026-05-25 13:00:00,22.6,65,0.0,Santo_Andre,11.7,30.000000000000004,16.933333333333334,99.0,13,0,0,Baixo
734,2026-05-25 14:00:00,21.8,69,0.1,Santo_Andre,7.9,30.0,17.033333333333335,99.0,14,0,1,Baixo
735,2026-05-25 15:00:00,21.0,75,0.0,Santo_Andre,6.4,29.8,17.1375,99.0,15,0,0,Baixo
736,2026-05-25 16:00:00,19.2,85,0.0,Santo_Andre,6.300000000000001,29.0,17.15,99.0,16,0,0,Baixo
737,2026-05-25 17:00:00,17.1,94,0.0,Santo_Andre,6.1000000000000005,28.400000000000002,17.091666666666665,99.0,17,0,0,Baixo
738,2026-05-25 18:00:00,15.9,99,0.0,Santo_Andre,5.800000000000001,28.2,17.0125,99.0,18,0,0,Baixo
739,2026-05-25 19:00:00,15.6,100,0.0,Santo_Andre,5.800000000000001,28.0,16.9375,100.0,19,0,0,Baixo
740,2026-05-25 20:00:00,15.7,99,0.0,Santo_Andre,5.7,27.1,16.883333333333333,100.0,20,0,0,Baixo
741,2026-05-25 21:00:00,15.8,97,0.0,Santo_Andre,5.5,18.1,16.837500000000002,100.0,21,0,0,Baixo
742,2026-05-25 22:00:00,15.9,97,0.0,Santo_Andre,0.5,17.7,16.804166666666667,100.0,22,0,0,Baixo
743,2026-05-25 23:00:00,16.0,97,0.0,Santo_Andre,0.2,17.1,16.8125,100.0,23,0,0,Baixo
744,2026-05-26 00:00:00,16.1,97,0.0,Santo_Andre,0.2,16.9,16.866666666666667,100.0,0,1,0,Baixo
745,2026-05-26 01:00:00,15.9,98,0.0,Santo_Andre,0.2,16.6,16.929166666666667,100.0,1,1,0,Baixo
746,2026-05-26 02:00:00,15.6,98,0.0,Santo_Andre,0.2,16.5,16.983333333333334,100.0,2,1,0,Baixo
747,2026-05-26 03:00:00,16.3,97,0.0,Santo_Andre,0.2,15.5,17.058333333333334,100.0,3,1,0,Baixo
748,2026-05-26 04:00:00,16.5,97,0.0,Santo_Andre,0.2,15.0,17.1375,100.0,4,1,0,Baixo
749,2026-05-26 05:00:00,16.7,96,0.0,Santo_Andre,0.2,14.2,17.225,100.0,5,1,0,Baixo
750,2026-05-26 06:00:00,16.5,97,0.0,Santo_Andre,0.2,13.399999999999999,17.3125,100.0,6,1,0,Baixo
751,2026-05-26 07:00:00,16.3,97,0.0,Santo_Andre,0.2,12.899999999999999,17.395833333333332,100.0,7,1,0,Baixo
752,2026-05-26 08:00:00,16.2,98,0.0,Santo_Andre,0.2,12.5,17.4375,100.0,8,1,0,Baixo
753,2026-05-26 09:00:00,17.0,98,0.0,Santo_Andre,0.2,12.100000000000001,17.454166666666666,100.0,9,1,0,Baixo
754,2026-05-26 10:00:00,18.4,89,0.1,Santo_Andre,0.30000000000000004,12.200000000000001,17.466666666666665,100.0,10,1,1,Baixo
755,2026-05-26 11:00:00,20.7,77,0.0,Santo_Andre,0.2,12.200000000000001,17.5125,100.0,11,1,0,Baixo
756,2026-05-26 12:00:00,22.4,74,0.0,Santo_Andre,0.2,12.100000000000001,17.55,100.0,12,1,0,Baixo
757,2026-05-26 13:00:00,23.7,69,0.0,Santo_Andre,0.2,11.9,17.595833333333335,100.0,13,1,0,Baixo
758,2026-05-26 14:00:00,24.2,62,0.2,Santo_Andre,0.30000000000000004,8.2,17.695833333333333,100.0,14,1,1,Baixo
759,2026-05-26 15:00:00,25.4,53,2.4,Santo_Andre,2.7,9.1,17.879166666666666,100.0,15,1,1,Baixo
760,2026-05-26 16:00:00,24.7,58,0.0,Santo_Andre,2.6999999999999997,9.0,18.108333333333334,100.0,16,1,0,Baixo
761,2026-05-26 17:00:00,23.4,68,0.0,Santo_Andre,2.6999999999999997,8.799999999999999,18.370833333333334,100.0,17,1,0,Baixo
762,2026-05-26 18:00:00,21.1,81,0.0,Santo_Andre,2.6999999999999997,8.5,18.587500000000002,100.0,18,1,0,Baixo
763,2026-05-26 19:00:00,20.2,91,0.0,Santo_Andre,2.6999999999999997,8.5,18.779166666666665,99.0,19,1,0,Baixo
764,2026-05-26 20:00:00,20.0,91,0.0,Santo_Andre,2.6999999999999997,8.4,18.958333333333332,98.0,20,1,0,Baixo
765,2026-05-26 21:00:00,20.1,83,0.0,Santo_Andre,2.6999999999999997,8.2,19.1375,98.0,21,1,0,Baixo
766,2026-05-26 22:00:00,19.2,85,0.1,Santo_Andre,2.8,3.3,19.275000000000002,98.0,22,1,1,Baixo
767,2026-05-26 23:00:00,19.0,86,0.0,Santo_Andre,2.8,3.0,19.400000000000002,98.0,23,1,0,Baixo
768,2026-05-27 00:00:00,18.6,88,0.0,Santo_Andre,2.8,3.0,19.504166666666666,98.0,0,2,0,Baixo
769,2026-05-27 01:00:00,18.4,91,0.0,Santo_Andre,2.8,3.0,19.608333333333334,98.0,1,2,0,Baixo
770,2026-05-27 02:00:00,18.0,92,0.0,Santo_Andre,2.8,3.0,19.708333333333332,98.0,2,2,0,Baixo
771,2026-05-27 03:00:00,17.1,95,0.0,Santo_Andre,2.8,3.0,19.741666666666664,98.0,3,2,0,Baixo
772,2026-05-27 04:00:00,16.9,94,0.0,Santo_Andre,2.8,3.0,19.758333333333333,98.0,4,2,0,Baixo
773,2026-05-27 05:00:00,16.9,95,0.0,Santo_Andre,2.8,3.0,19.766666666666666,98.0,5,2,0,Baixo
774,2026-05-27 06:00:00,16.4,97,0.0,Santo_Andre,2.8,3.0,19.7625,98.0,6,2,0,Baixo
775,2026-05-27 07:00:00,16.3,99,0.0,Santo_Andre,2.8,3.0,19.7625,99.0,7,2,0,Baixo
776,2026-05-27 08:00:00,17.6,96,0.1,Santo_Andre,2.9,3.1,19.820833333333333,99.0,8,2,1,Baixo
777,2026-05-27 09:00:00,19.3,88,0.1,Santo_Andre,2.9999999999999996,3.1999999999999997,19.916666666666668,99.0,9,2,1,Baixo
778,2026-05-27 10:00:00,20.9,79,0.1,Santo_Andre,2.9999999999999996,3.3,20.020833333333332,99.0,10,2,1,Baixo
779,2026-05-27 11:00:00,21.0,77,0.0,Santo_Andre,2.9999999999999996,3.1999999999999997,20.03333333333333,99.0,11,2,0,Baixo
780,2026-05-27 12:00:00,20.5,79,0.1,Santo_Andre,3.0999999999999996,3.3,19.954166666666666,99.0,12,2,1,Baixo
781,2026-05-27 13:00:00,19.0,86,0.9,Santo_Andre,3.9999999999999996,4.2,19.758333333333333,99.0,13,2,1,Baixo
782,2026-05-27 14:00:00,19.1,83,0.3,Santo_Andre,4.1,4.3999999999999995,19.545833333333334,99.0,14,2,1,Baixo
783,2026-05-27 15:00:00,18.0,86,0.1,Santo_Andre,1.8,4.5,19.2375,99.0,15,2,1,Baixo
784,2026-05-27 16:00:00,16.8,89,0.1,Santo_Andre,1.9,4.6000000000000005,18.908333333333335,99.0,16,2,1,Baixo
785,2026-05-27 17:00:00,15.9,91,0.0,Santo_Andre,1.9,4.6,18.595833333333335,99.0,17,2,0,Baixo
786,2026-05-27 18:00:00,15.3,92,0.0,Santo_Andre,1.9,4.6,18.354166666666668,99.0,18,2,0,Baixo
787,2026-05-27 19:00:00,15.0,92,0.0,Santo_Andre,1.9,4.6,18.1375,99.0,19,2,0,Baixo
788,2026-05-27 20:00:00,14.5,93,0.0,Santo_Andre,1.9,4.6,17.908333333333335,99.0,20,2,0,Baixo
789,2026-05-27 21:00:00,14.4,95,0.0,Santo_Andre,1.9,4.6,17.67083333333333,99.0,21,2,0,Baixo
790,2026-05-27 22:00:00,13.9,97,0.0,Santo_Andre,1.7999999999999998,4.6,17.45,99.0,22,2,0,Baixo
791,2026-05-27 23:00:00,13.9,95,0.0,Santo_Andre,1.7999999999999998,4.6,17.2375,99.0,23,2,0,Baixo
792,2026-05-28 00:00:00,14.1,93,0.0,Santo_Andre,1.7999999999999998,4.6,17.05,99.0,0,3,0,Baixo
793,2026-05-28 01:00:00,13.6,95,0.0,Santo_Andre,1.7999999999999998,4.6,16.849999999999998,99.0,1,3,0,Baixo
794,2026-05-28 02:00:00,12.8,98,0.0,Santo_Andre,1.7999999999999998,4.6,16.633333333333333,99.0,2,3,0,Baixo
795,2026-05-28 03:00:00,12.4,98,0.0,Santo_Andre,1.7999999999999998,4.6,16.437500000000004,99.0,3,3,0,Baixo
796,2026-05-28 04:00:00,11.8,100,0.0,Santo_Andre,1.7999999999999998,4.6,16.224999999999998,100.0,4,3,0,Baixo
797,2026-05-28 05:00:00,11.4,99,0.0,Santo_Andre,1.7999999999999998,4.6,15.995833333333335,100.0,5,3,0,Baixo
798,2026-05-28 06:00:00,11.2,99,0.0,Santo_Andre,1.7999999999999998,4.6,15.779166666666667,100.0,6,3,0,Baixo
799,2026-05-28 07:00:00,11.5,99,0.0,Santo_Andre,1.7999999999999998,4.6,15.579166666666667,100.0,7,3,0,Baixo
800,2026-05-28 08:00:00,12.4,96,0.0,Santo_Andre,1.7000000000000002,4.6,15.362499999999999,100.0,8,3,0,Baixo
801,2026-05-28 09:00:00,13.9,91,0.0,Santo_Andre,1.6,4.6,15.137500000000001,100.0,9,3,0,Baixo
802,2026-05-28 10:00:00,15.3,82,0.0,Santo_Andre,1.5,4.5,14.904166666666669,100.0,10,3,0,Baixo
803,2026-05-28 11:00:00,17.2,70,0.0,Santo_Andre,1.5,4.5,14.745833333333335,100.0,11,3,0,Baixo
804,2026-05-28 12:00:00,18.5,61,0.0,Santo_Andre,1.4,4.5,14.662500000000001,100.0,12,3,0,Baixo
805,2026-05-28 13:00:00,19.4,56,0.0,Santo_Andre,0.5,4.5,14.679166666666667,100.0,13,3,0,Baixo
806,2026-05-28 14:00:00,19.4,58,0.0,Santo_Andre,0.2,4.3,14.691666666666668,100.0,14,3,0,Baixo
807,2026-05-28 15:00:00,19.0,64,0.0,Santo_Andre,0.1,1.9,14.733333333333334,100.0,15,3,0,Baixo
808,2026-05-28 16:00:00,17.5,75,0.0,Santo_Andre,0.0,1.9,14.762499999999998,100.0,16,3,0,Baixo
809,2026-05-28 17:00:00,16.0,84,0.0,Santo_Andre,0.0,1.9,14.766666666666666,100.0,17,3,0,Baixo
810,2026-05-28 18:00:00,14.8,94,0.0,Santo_Andre,0.0,1.9,14.745833333333332,100.0,18,3,0,Baixo
811,2026-05-28 19:00:00,14.4,95,0.0,Santo_Andre,0.0,1.9,14.720833333333333,100.0,19,3,0,Baixo
812,2026-05-28 20:00:00,14.1,95,0.0,Santo_Andre,0.0,1.9,14.704166666666666,100.0,20,3,0,Baixo
813,2026-05-28 21:00:00,14.3,92,0.0,Santo_Andre,0.0,1.9,14.700000000000001,100.0,21,3,0,Baixo
814,2026-05-28 22:00:00,13.6,97,0.0,Santo_Andre,0.0,1.7999999999999998,14.6875,100.0,22,3,0,Baixo
815,2026-05-28 23:00:00,13.6,98,0.0,Santo_Andre,0.0,1.7999999999999998,14.674999999999999,100.0,23,3,0,Baixo
816,2026-05-29 00:00:00,13.6,99,0.0,Santo_Andre,0.0,1.7999999999999998,14.654166666666667,100.0,0,4,0,Baixo
817,2026-05-29 01:00:00,13.9,98,0.0,Santo_Andre,0.0,1.7999999999999998,14.666666666666666,100.0,1,4,0,Baixo
818,2026-05-29 02:00:00,13.9,97,0.0,Santo_Andre,0.0,1.7999999999999998,14.7125,100.0,2,4,0,Baixo
819,2026-05-29 03:00:00,13.4,97,0.0,Santo_Andre,0.0,1.7999999999999998,14.754166666666665,100.0,3,4,0,Baixo
820,2026-05-29 04:00:00,13.7,94,0.0,Santo_Andre,0.0,1.7999999999999998,14.833333333333334,99.0,4,4,0,Baixo
821,2026-05-29 05:00:00,13.7,94,0.0,Santo_Andre,0.0,1.7999999999999998,14.929166666666665,99.0,5,4,0,Baixo
822,2026-05-29 06:00:00,13.7,93,0.0,Santo_Andre,0.0,1.7999999999999998,15.033333333333333,99.0,6,4,0,Baixo
823,2026-05-29 07:00:00,13.6,94,0.0,Santo_Andre,0.0,1.7999999999999998,15.120833333333332,99.0,7,4,0,Baixo
824,2026-05-29 08:00:00,14.4,86,0.0,Santo_Andre,0.0,1.7000000000000002,15.204166666666667,99.0,8,4,0,Baixo
825,2026-05-29 09:00:00,15.4,83,0.0,Santo_Andre,0.0,1.6,15.266666666666666,99.0,9,4,0,Baixo
826,2026-05-29 10:00:00,17.1,71,0.0,Santo_Andre,0.0,1.5,15.341666666666667,99.0,10,4,0,Baixo
827,2026-05-29 11:00:00,18.2,63,0.0,Santo_Andre,0.0,1.5,15.383333333333333,99.0,11,4,0,Baixo
828,2026-05-29 12:00:00,19.0,60,0.0,Santo_Andre,0.0,1.4,15.404166666666667,99.0,12,4,0,Baixo
829,2026-05-29 13:00:00,19.5,60,0.0,Santo_Andre,0.0,0.5,15.408333333333333,99.0,13,4,0,Baixo
830,2026-05-29 14:00:00,18.6,73,0.0,Santo_Andre,0.0,0.2,15.375,99.0,14,4,0,Baixo
831,2026-05-29 15:00:00,17.9,79,0.1,Santo_Andre,0.1,0.2,15.329166666666666,99.0,15,4,1,Baixo
832,2026-05-29 16:00:00,16.8,83,0.0,Santo_Andre,0.1,0.1,15.299999999999999,99.0,16,4,0,Baixo
833,2026-05-29 17:00:00,15.7,89,0.0,Santo_Andre,0.1,0.1,15.287500000000001,99.0,17,4,0,Baixo
834,2026-05-29 18:00:00,15.1,91,0.0,Santo_Andre,0.1,0.1,15.300000000000002,99.0,18,4,0,Baixo
835,2026-05-29 19:00:00,14.6,93,0.0,Santo_Andre,0.1,0.1,15.308333333333332,99.0,19,4,0,Baixo
836,2026-05-29 20:00:00,14.4,96,0.0,Santo_Andre,0.1,0.1,15.320833333333335,99.0,20,4,0,Baixo
837,2026-05-29 21:00:00,14.8,93,0.0,Santo_Andre,0.1,0.1,15.341666666666667,99.0,21,4,0,Baixo
838,2026-05-29 22:00:00,14.8,94,0.0,Santo_Andre,0.1,0.1,15.391666666666666,99.0,22,4,0,Baixo
839,2026-05-29 23:00:00,14.9,93,0.0,Santo_Andre,0.1,0.1,15.445833333333335,99.0,23,4,0,Baixo
840,2026-05-30 00:00:00,14.8,93,0.0,Santo_Andre,0.1,0.1,15.495833333333332,98.0,0,5,0,Baixo
841,2026-05-30 01:00:00,14.6,94,0.0,Santo_Andre,0.1,0.1,15.525,97.0,1,5,0,Baixo
842,2026-05-30 02:00:00,14.2,95,0.0,Santo_Andre,0.1,0.1,15.5375,97.0,2,5,0,Baixo
843,2026-05-30 03:00:00,14.2,95,0.0,Santo_Andre,0.1,0.1,15.570833333333333,96.0,3,5,0,Baixo
844,2026-05-30 04:00:00,14.4,94,0.0,Santo_Andre,0.1,0.1,15.600000000000001,96.0,4,5,0,Baixo
845,2026-05-30 05:00:00,14.6,93,0.0,Santo_Andre,0.1,0.1,15.637500000000001,96.0,5,5,0,Baixo
846,2026-05-30 06:00:00,14.7,93,0.0,Santo_Andre,0.1,0.1,15.679166666666667,96.0,6,5,0,Baixo
847,2026-05-30 07:00:00,14.8,93,0.0,Santo_Andre,0.1,0.1,15.729166666666666,96.0,7,5,0,Baixo
848,2026-05-30 08:00:00,15.4,89,0.0,Santo_Andre,0.1,0.1,15.770833333333334,96.0,8,5,0,Baixo
849,2026-05-30 09:00:00,16.1,87,0.0,Santo_Andre,0.1,0.1,15.799999999999999,96.0,9,5,0,Baixo
850,2026-05-30 10:00:00,16.7,85,0.3,Santo_Andre,0.4,0.4,15.783333333333333,96.0,10,5,1,Baixo
851,2026-05-30 11:00:00,18.1,79,0.0,Santo_Andre,0.39999999999999997,0.39999999999999997,15.779166666666667,96.0,11,5,0,Baixo
852,2026-05-30 12:00:00,19.1,77,0.0,Santo_Andre,0.39999999999999997,0.39999999999999997,15.783333333333333,96.0,12,5,0,Baixo
853,2026-05-30 13:00:00,19.8,74,0.0,Santo_Andre,0.39999999999999997,0.39999999999999997,15.795833333333334,96.0,13,5,0,Baixo
854,2026-05-30 14:00:00,20.7,67,0.0,Santo_Andre,0.39999999999999997,0.39999999999999997,15.883333333333333,96.0,14,5,0,Baixo
855,2026-05-30 15:00:00,21.0,65,0.0,Santo_Andre,0.29999999999999993,0.39999999999999997,16.0125,96.0,15,5,0,Baixo
856,2026-05-30 16:00:00,21.1,64,0.0,Santo_Andre,0.29999999999999993,0.39999999999999997,16.191666666666666,96.0,16,5,0,Baixo
857,2026-05-30 17:00:00,19.4,73,0.0,Santo_Andre,0.29999999999999993,0.39999999999999997,16.345833333333335,96.0,17,5,0,Baixo
858,2026-05-30 18:00:00,16.5,95,0.0,Santo_Andre,0.29999999999999993,0.39999999999999997,16.404166666666665,96.0,18,5,0,Baixo
859,2026-05-30 19:00:00,15.5,99,0.0,Santo_Andre,0.29999999999999993,0.39999999999999997,16.441666666666666,99.0,19,5,0,Baixo
860,2026-05-30 20:00:00,15.4,100,0.0,Santo_Andre,0.29999999999999993,0.39999999999999997,16.48333333333333,100.0,20,5,0,Baixo
861,2026-05-30 21:00:00,15.6,98,0.1,Santo_Andre,0.3999999999999999,0.5,16.51666666666667,100.0,21,5,1,Baixo
862,2026-05-30 22:00:00,15.9,93,0.1,Santo_Andre,0.49999999999999994,0.6,16.5625,100.0,22,5,1,Baixo
863,2026-05-30 23:00:00,15.7,95,0.0,Santo_Andre,0.5,0.6,16.59583333333333,100.0,23,5,0,Baixo
864,2026-05-31 00:00:00,15.5,95,0.0,Santo_Andre,0.5,0.6,16.625,100.0,0,6,0,Baixo
865,2026-05-31 01:00:00,15.0,98,0.0,Santo_Andre,0.5,0.6,16.641666666666666,100.0,1,6,0,Baixo
866,2026-05-31 02:00:00,14.6,99,0.0,Santo_Andre,0.5,0.6,16.658333333333335,100.0,2,6,0,Baixo
867,2026-05-31 03:00:00,14.4,98,0.0,Santo_Andre,0.5,0.6,16.666666666666668,100.0,3,6,0,Baixo
868,2026-05-31 04:00:00,14.1,98,0.0,Santo_Andre,0.5,0.6,16.654166666666665,100.0,4,6,0,Baixo
869,2026-05-31 05:00:00,14.2,97,0.0,Santo_Andre,0.5,0.6,16.6375,100.0,5,6,0,Baixo
870,2026-05-31 06:00:00,14.2,97,0.0,Santo_Andre,0.5,0.6,16.616666666666664,100.0,6,6,0,Baixo
871,2026-05-31 07:00:00,14.2,97,0.0,Santo_Andre,0.5,0.6,16.59166666666667,100.0,7,6,0,Baixo
872,2026-05-31 08:00:00,14.8,94,0.0,Santo_Andre,0.5,0.6,16.566666666666666,100.0,8,6,0,Baixo
873,2026-05-31 09:00:00,15.5,89,0.1,Santo_Andre,0.6,0.7,16.541666666666668,100.0,9,6,1,Baixo
874,2026-05-31 10:00:00,16.3,83,0.1,Santo_Andre,0.39999999999999997,0.8,16.525,100.0,10,6,1,Baixo
875,2026-05-31 11:00:00,18.0,73,0.0,Santo_Andre,0.39999999999999997,0.8,16.520833333333332,100.0,11,6,0,Baixo
876,2026-05-31 12:00:00,18.9,67,0.0,Santo_Andre,0.39999999999999997,0.8,16.5125,100.0,12,6,0,Baixo
877,2026-05-31 13:00:00,19.5,63,0.0,Santo_Andre,0.39999999999999997,0.8,16.5,100.0,13,6,0,Baixo
878,2026-05-31 14:00:00,19.9,61,0.1,Santo_Andre,0.5,0.9,16.466666666666665,100.0,14,6,1,Baixo
879,2026-05-31 15:00:00,19.9,62,0.0,Santo_Andre,0.5,0.8,16.42083333333333,100.0,15,6,0,Baixo
880,2026-05-31 16:00:00,18.8,72,0.0,Santo_Andre,0.5,0.8,16.325,100.0,16,6,0,Baixo
881,2026-05-31 17:00:00,16.6,88,0.0,Santo_Andre,0.5,0.8,16.208333333333332,100.0,17,6,0,Baixo
882,2026-05-31 18:00:00,15.6,93,0.0,Santo_Andre,0.5,0.8,16.17083333333333,100.0,18,6,0,Baixo
883,2026-05-31 19:00:00,14.9,96,0.0,Santo_Andre,0.5,0.8,16.145833333333332,100.0,19,6,0,Baixo
884,2026-05-31 20:00:00,14.6,98,0.0,Santo_Andre,0.5,0.8,16.1125,99.0,20,6,0,Baixo
885,2026-05-31 21:00:00,14.4,99,0.0,Santo_Andre,0.4,0.8,16.0625,99.0,21,6,0,Baixo
886,2026-05-31 22:00:00,14.1,98,0.0,Santo_Andre,0.29999999999999993,0.8,15.987499999999999,99.0,22,6,0,Baixo
887,2026-05-31 23:00:00,13.9,97,0.0,Santo_Andre,0.29999999999999993,0.8,15.912500000000001,99.0,23,6,0,Baixo
888,2026-06-01 00:00:00,13.5,98,0.0,Santo_Andre,0.29999999999999993,0.8,15.829166666666667,99.0,0,0,0,Baixo
889,2026-06-01 01:00:00,13.3,97,0.0,Santo_Andre,0.29999999999999993,0.8,15.758333333333335,99.0,1,0,0,Baixo
890,2026-06-01 02:00:00,13.0,96,0.0,Santo_Andre,0.29999999999999993,0.8,15.691666666666668,99.0,2,0,0,Baixo
891,2026-06-01 03:00:00,12.8,96,0.0,Santo_Andre,0.29999999999999993,0.8,15.625,99.0,3,0,0,Baixo
892,2026-06-01 04:00:00,12.6,95,0.0,Santo_Andre,0.29999999999999993,0.8,15.5625,99.0,4,0,0,Baixo
893,2026-06-01 05:00:00,12.6,93,0.0,Santo_Andre,0.29999999999999993,0.8,15.495833333333335,99.0,5,0,0,Baixo
894,2026-06-01 06:00:00,12.1,94,0.0,Santo_Andre,0.29999999999999993,0.8,15.408333333333333,99.0,6,0,0,Baixo
895,2026-06-01 07:00:00,11.8,97,0.0,Santo_Andre,0.29999999999999993,0.8,15.308333333333332,99.0,7,0,0,Baixo
896,2026-06-01 08:00:00,12.1,95,0.0,Santo_Andre,0.29999999999999993,0.8,15.195833333333335,99.0,8,0,0,Baixo
897,2026-06-01 09:00:00,13.1,89,0.0,Santo_Andre,0.19999999999999996,0.8,15.095833333333333,99.0,9,0,0,Baixo
898,2026-06-01 10:00:00,15.6,75,0.0,Santo_Andre,0.09999999999999995,0.5,15.066666666666668,99.0,10,0,0,Baixo
899,2026-06-01 11:00:00,17.8,66,0.0,Santo_Andre,0.09999999999999995,0.5,15.058333333333335,99.0,11,0,0,Baixo
900,2026-06-01 12:00:00,19.6,57,0.0,Santo_Andre,0.09999999999999995,0.5,15.087499999999999,99.0,12,0,0,Baixo
901,2026-06-01 13:00:00,20.5,51,0.0,Santo_Andre,0.09999999999999995,0.5,15.129166666666665,99.0,13,0,0,Baixo
902,2026-06-01 14:00:00,20.5,53,0.0,Santo_Andre,0.0,0.5,15.154166666666667,99.0,14,0,0,Baixo
903,2026-06-01 15:00:00,19.4,65,0.0,Santo_Andre,0.0,0.5,15.133333333333335,99.0,15,0,0,Baixo
904,2026-06-01 16:00:00,17.1,79,0.0,Santo_Andre,0.0,0.5,15.0625,99.0,16,0,0,Baixo
905,2026-06-01 17:00:00,15.4,85,0.0,Santo_Andre,0.0,0.5,15.012500000000001,99.0,17,0,0,Baixo
906,2026-06-01 18:00:00,14.2,92,0.0,Santo_Andre,0.0,0.5,14.954166666666667,99.0,18,0,0,Baixo
907,2026-06-01 19:00:00,13.4,92,0.0,Santo_Andre,0.0,0.5,14.891666666666666,99.0,19,0,0,Baixo
908,2026-06-01 20:00:00,12.8,92,0.0,Santo_Andre,0.0,0.5,14.816666666666668,99.0,20,0,0,Baixo
909,2026-06-01 21:00:00,12.1,92,0.0,Santo_Andre,0.0,0.4,14.720833333333333,98.0,21,0,0,Baixo
910,2026-06-01 22:00:00,11.8,93,0.0,Santo_Andre,0.0,0.29999999999999993,14.625,98.0,22,0,0,Baixo
911,2026-06-01 23:00:00,11.6,96,0.0,Santo_Andre,0.0,0.29999999999999993,14.529166666666667,98.0,23,0,0,Baixo
912,2026-06-02 00:00:00,11.6,98,0.0,Santo_Andre,0.0,0.29999999999999993,14.450000000000001,98.0,0,1,0,Baixo
913,2026-06-02 01:00:00,11.5,99,0.0,Santo_Andre,0.0,0.29999999999999993,14.375,99.0,1,1,0,Baixo
914,2026-06-02 02:00:00,11.4,100,0.0,Santo_Andre,0.0,0.29999999999999993,14.308333333333332,100.0,2,1,0,Baixo
915,2026-06-02 03:00:00,11.4,99,0.0,Santo_Andre,0.0,0.29999999999999993,14.25,100.0,3,1,0,Baixo
916,2026-06-02 04:00:00,11.4,99,0.0,Santo_Andre,0.0,0.29999999999999993,14.200000000000001,100.0,4,1,0,Baixo
917,2026-06-02 05:00:00,11.4,100,0.0,Santo_Andre,0.0,0.29999999999999993,14.149999999999999,100.0,5,1,0,Baixo
918,2026-06-02 06:00:00,11.5,100,0.0,Santo_Andre,0.0,0.29999999999999993,14.125,100.0,6,1,0,Baixo
919,2026-06-02 07:00:00,11.8,100,0.0,Santo_Andre,0.0,0.29999999999999993,14.125,100.0,7,1,0,Baixo
920,2026-06-02 08:00:00,12.4,99,0.0,Santo_Andre,0.0,0.29999999999999993,14.137499999999998,100.0,8,1,0,Baixo
921,2026-06-02 09:00:00,14.4,88,0.0,Santo_Andre,0.0,0.19999999999999996,14.191666666666668,100.0,9,1,0,Baixo
922,2026-06-02 10:00:00,16.3,74,0.1,Santo_Andre,0.09999999999999995,0.19999999999999996,14.220833333333333,100.0,10,1,1,Baixo
923,2026-06-02 11:00:00,16.9,75,0.1,Santo_Andre,0.19999999999999996,0.29999999999999993,14.183333333333332,100.0,11,1,1,Baixo
924,2026-06-02 12:00:00,17.9,70,0.0,Santo_Andre,0.19999999999999996,0.29999999999999993,14.112499999999999,100.0,12,1,0,Baixo
925,2026-06-02 13:00:00,17.6,73,0.0,Santo_Andre,0.19999999999999996,0.29999999999999993,13.991666666666667,100.0,13,1,0,Baixo
926,2026-06-02 14:00:00,17.1,75,0.0,Santo_Andre,0.19999999999999996,0.19999999999999996,13.850000000000001,100.0,14,1,0,Baixo
927,2026-06-02 15:00:00,16.8,78,0.0,Santo_Andre,0.19999999999999996,0.19999999999999996,13.741666666666665,100.0,15,1,0,Baixo
928,2026-06-02 16:00:00,15.8,82,0.0,Santo_Andre,0.19999999999999996,0.19999999999999996,13.6875,100.0,16,1,0,Baixo
929,2026-06-02 17:00:00,14.7,90,0.0,Santo_Andre,0.19999999999999996,0.19999999999999996,13.658333333333331,100.0,17,1,0,Baixo
930,2026-06-02 18:00:00,14.0,92,0.0,Santo_Andre,0.19999999999999996,0.19999999999999996,13.649999999999999,100.0,18,1,0,Baixo
931,2026-06-02 19:00:00,14.1,92,0.1,Santo_Andre,0.29999999999999993,0.29999999999999993,13.679166666666667,100.0,19,1,1,Baixo
932,2026-06-02 20:00:00,13.7,94,0.1,Santo_Andre,0.39999999999999997,0.39999999999999997,13.716666666666667,100.0,20,1,1,Baixo
933,2026-06-02 21:00:00,13.3,96,0.1,Santo_Andre,0.5,0.5,13.766666666666666,100.0,21,1,1,Baixo
934,2026-06-02 22:00:00,12.9,97,0.0,Santo_Andre,0.5,0.5,13.8125,100.0,22,1,0,Baixo
935,2026-06-02 23:00:00,12.9,98,0.0,Santo_Andre,0.5,0.5,13.866666666666667,100.0,23,1,0,Baixo
936,2026-06-03 00:00:00,12.7,98,0.0,Santo_Andre,0.5,0.5,13.9125,100.0,0,2,0,Baixo
937,2026-06-03 01:00:00,12.4,99,0.0,Santo_Andre,0.5,0.5,13.949999999999998,100.0,1,2,0,Baixo
938,2026-06-03 02:00:00,12.5,97,0.0,Santo_Andre,0.5,0.5,13.995833333333332,100.0,2,2,0,Baixo
939,2026-06-03 03:00:00,12.6,96,0.0,Santo_Andre,0.5,0.5,14.045833333333334,100.0,3,2,0,Baixo
940,2026-06-03 04:00:00,12.6,96,0.0,Santo_Andre,0.5,0.5,14.095833333333333,100.0,4,2,0,Baixo
941,2026-06-03 05:00:00,12.6,95,0.0,Santo_Andre,0.5,0.5,14.145833333333334,100.0,5,2,0,Baixo
942,2026-06-03 06:00:00,12.8,94,0.0,Santo_Andre,0.5,0.5,14.200000000000001,100.0,6,2,0,Baixo
943,2026-06-03 07:00:00,13.2,92,0.0,Santo_Andre,0.5,0.5,14.258333333333333,99.0,7,2,0,Baixo
944,2026-06-03 08:00:00,13.9,89,0.0,Santo_Andre,0.5,0.5,14.320833333333335,99.0,8,2,0,Baixo
945,2026-06-03 09:00:00,14.6,84,0.0,Santo_Andre,0.5,0.5,14.329166666666666,99.0,9,2,0,Baixo
946,2026-06-03 10:00:00,15.7,76,0.0,Santo_Andre,0.4,0.5,14.304166666666665,99.0,10,2,0,Baixo
947,2026-06-03 11:00:00,17.0,68,0.0,Santo_Andre,0.29999999999999993,0.5,14.308333333333332,99.0,11,2,0,Baixo
948,2026-06-03 12:00:00,17.8,63,0.0,Santo_Andre,0.29999999999999993,0.5,14.304166666666667,99.0,12,2,0,Baixo
949,2026-06-03 13:00:00,18.0,64,0.0,Santo_Andre,0.29999999999999993,0.5,14.320833333333333,99.0,13,2,0,Baixo
950,2026-06-03 14:00:00,17.8,67,0.0,Santo_Andre,0.29999999999999993,0.5,14.35,99.0,14,2,0,Baixo
951,2026-06-03 15:00:00,17.2,72,0.0,Santo_Andre,0.29999999999999993,0.5,14.366666666666667,99.0,15,2,0,Baixo
952,2026-06-03 16:00:00,16.1,79,0.0,Santo_Andre,0.29999999999999993,0.5,14.379166666666668,99.0,16,2,0,Baixo
953,2026-06-03 17:00:00,14.8,87,0.0,Santo_Andre,0.29999999999999993,0.5,14.383333333333335,99.0,17,2,0,Baixo
954,2026-06-03 18:00:00,13.8,94,0.0,Santo_Andre,0.29999999999999993,0.5,14.375,99.0,18,2,0,Baixo
955,2026-06-03 19:00:00,13.4,96,0.0,Santo_Andre,0.19999999999999996,0.5,14.345833333333333,99.0,19,2,0,Baixo
956,2026-06-03 20:00:00,13.4,96,0.0,Santo_Andre,0.09999999999999995,0.5,14.333333333333334,99.0,20,2,0,Baixo
957,2026-06-03 21:00:00,13.5,96,0.0,Santo_Andre,0.0,0.5,14.341666666666667,99.0,21,2,0,Baixo
958,2026-06-03 22:00:00,13.5,96,0.0,Santo_Andre,0.0,0.5,14.366666666666667,99.0,22,2,0,Baixo
959,2026-06-03 23:00:00,13.6,96,0.0,Santo_Andre,0.0,0.5,14.395833333333334,99.0,23,2,0,Baixo
960,2026-06-04 00:00:00,13.6,95,0.0,Santo_Andre,0.0,0.5,14.433333333333332,99.0,0,3,0,Baixo
961,2026-06-04 01:00:00,13.8,95,0.0,Santo_Andre,0.0,0.5,14.491666666666667,97.0,1,3,0,Baixo
962,2026-06-04 02:00:00,13.9,94,0.0,Santo_Andre,0.0,0.5,14.550000000000002,96.0,2,3,0,Baixo
963,2026-06-04 03:00:00,13.9,94,0.0,Santo_Andre,0.0,0.5,14.604166666666666,96.0,3,3,0,Baixo
964,2026-06-04 04:00:00,13.9,94,0.1,Santo_Andre,0.09999999999999995,0.6,14.658333333333331,96.0,4,3,1,Baixo
965,2026-06-04 05:00:00,13.9,95,0.1,Santo_Andre,0.19999999999999996,0.7,14.7125,96.0,5,3,1,Baixo
966,2026-06-04 06:00:00,13.9,94,0.1,Santo_Andre,0.29999999999999993,0.8,14.758333333333333,96.0,6,3,1,Baixo
967,2026-06-04 07:00:00,13.9,94,0.1,Santo_Andre,0.39999999999999997,0.9,14.787500000000001,96.0,7,3,1,Baixo
968,2026-06-04 08:00:00,14.0,93,0.1,Santo_Andre,0.5,1.0,14.791666666666666,96.0,8,3,1,Baixo
969,2026-06-04 09:00:00,14.4,89,0.1,Santo_Andre,0.6,1.1,14.783333333333333,96.0,9,3,1,Baixo
970,2026-06-04 10:00:00,15.4,82,0.1,Santo_Andre,0.7,1.0999999999999999,14.770833333333334,96.0,10,3,1,Baixo
971,2026-06-04 11:00:00,16.6,73,0.1,Santo_Andre,0.8,1.1,14.754166666666668,96.0,11,3,1,Baixo
972,2026-06-04 12:00:00,17.4,67,0.1,Santo_Andre,0.9,1.2000000000000002,14.737500000000002,96.0,12,3,1,Baixo
973,2026-06-04 13:00:00,17.5,66,0.0,Santo_Andre,0.9,1.2000000000000002,14.716666666666669,96.0,13,3,0,Baixo
974,2026-06-04 14:00:00,17.3,67,0.0,Santo_Andre,0.9,1.2000000000000002,14.695833333333333,96.0,14,3,0,Baixo
975,2026-06-04 15:00:00,16.8,70,0.0,Santo_Andre,0.9,1.2000000000000002,14.679166666666667,96.0,15,3,0,Baixo
976,2026-06-04 16:00:00,15.7,75,0.0,Santo_Andre,0.9,1.2000000000000002,14.6625,96.0,16,3,0,Baixo
977,2026-06-04 17:00:00,14.4,82,0.0,Santo_Andre,0.9,1.2000000000000002,14.645833333333334,96.0,17,3,0,Baixo
978,2026-06-04 18:00:00,13.4,89,0.0,Santo_Andre,0.9,1.2000000000000002,14.629166666666668,96.0,18,3,0,Baixo
979,2026-06-04 19:00:00,13.1,92,0.0,Santo_Andre,0.9,1.1,14.616666666666667,96.0,19,3,0,Baixo
980,2026-06-04 20:00:00,13.1,92,0.0,Santo_Andre,0.9,0.9999999999999999,14.604166666666666,96.0,20,3,0,Baixo
981,2026-06-04 21:00:00,13.1,92,0.0,Santo_Andre,0.9,0.9,14.5875,96.0,21,3,0,Baixo
982,2026-06-04 22:00:00,12.9,93,0.0,Santo_Andre,0.9,0.9,14.5625,96.0,22,3,0,Baixo
983,2026-06-04 23:00:00,12.8,93,0.0,Santo_Andre,0.9,0.9,14.529166666666667,95.0,23,3,0,Baixo
984,2026-06-05 00:00:00,12.4,94,0.0,Santo_Andre,0.9,0.9,14.47916666666667,95.0,0,4,0,Baixo
985,2026-06-05 01:00:00,11.9,95,0.0,Santo_Andre,0.9,0.9,14.4,95.0,1,4,0,Baixo
986,2026-06-05 02:00:00,11.4,98,0.0,Santo_Andre,0.9,0.9,14.295833333333333,98.0,2,4,0,Baixo
987,2026-06-05 03:00:00,10.9,100,0.0,Santo_Andre,0.9,0.9,14.170833333333334,100.0,3,4,0,Baixo
988,2026-06-05 04:00:00,10.4,100,0.0,Santo_Andre,0.8,0.9,14.025,100.0,4,4,0,Baixo
989,2026-06-05 05:00:00,10.2,100,0.0,Santo_Andre,0.7,0.9,13.870833333333332,100.0,5,4,0,Baixo
990,2026-06-05 06:00:00,10.4,98,0.0,Santo_Andre,0.6,0.9,13.725000000000001,100.0,6,4,0,Baixo
991,2026-06-05 07:00:00,12.6,86,0.0,Santo_Andre,0.5,0.9,13.670833333333333,100.0,7,4,0,Baixo
992,2026-06-05 08:00:00,13.2,82,0.0,Santo_Andre,0.4,0.9,13.637500000000001,100.0,8,4,0,Baixo
993,2026-06-05 09:00:00,13.8,79,0.0,Santo_Andre,0.29999999999999993,0.9,13.612499999999999,100.0,9,4,0,Baixo
994,2026-06-05 10:00:00,14.4,76,0.0,Santo_Andre,0.19999999999999996,0.9,13.570833333333333,100.0,10,4,0,Baixo
995,2026-06-05 11:00:00,15.0,73,0.0,Santo_Andre,0.09999999999999995,0.9,13.504166666666668,100.0,11,4,0,Baixo
996,2026-06-05 12:00:00,15.6,70,0.0,Santo_Andre,0.0,0.9,13.429166666666667,100.0,12,4,0,Baixo
997,2026-06-05 13:00:00,16.2,69,0.0,Santo_Andre,0.0,0.9,13.375,100.0,13,4,0,Baixo
998,2026-06-05 14:00:00,16.5,68,0.0,Santo_Andre,0.0,0.9,13.341666666666669,100.0,14,4,0,Baixo
999,2026-06-05 15:00:00,16.5,68,0.0,Santo_Andre,0.0,0.9,13.329166666666666,100.0,15,4,0,Baixo
1000,2026-06-05 16:00:00,16.1,71,0.0,Santo_Andre,0.0,0.9,13.345833333333333,100.0,16,4,0,Baixo
1001,2026-06-05 17:00:00,15.4,75,0.0,Santo_Andre,0.0,0.9,13.387500000000001,100.0,17,4,0,Baixo
1002,2026-06-05 18:00:00,14.4,81,0.0,Santo_Andre,0.0,0.9,13.429166666666667,100.0,18,4,0,Baixo
1003,2026-06-05 19:00:00,13.4,87,0.0,Santo_Andre,0.0,0.9,13.441666666666665,100.0,19,4,0,Baixo
1004,2026-06-05 20:00:00,12.4,93,0.0,Santo_Andre,0.0,0.9,13.412500000000001,100.0,20,4,0,Baixo
1005,2026-06-05 21:00:00,11.6,98,0.0,Santo_Andre,0.0,0.9,13.35,100.0,21,4,0,Baixo
1006,2026-06-05 22:00:00,10.9,100,0.0,Santo_Andre,0.0,0.9,13.266666666666667,100.0,22,4,0,Baixo
1007,2026-06-05 23:00:00,10.1,100,0.0,Santo_Andre,0.0,0.9,13.154166666666667,100.0,23,4,0,Baixo
